run_id,phase_id,mcu_time_ms,cam_time_ms,raw_x_mm,run_x0_mm,dx_mm,side,test_accel,test_ratio,lut_rel_pulse,shaper_rel_pulse,uart_rel_pulse,velocity_rpm,accel_param,publish_seq,last_started_seq,stepper_reached,reverse_guard,vision_valid
0,2,0,2,778,7.15219e+06,-11.3,-48.3,37,-1,175,0.35,-1676,0,0,300,145,2,2,0,2,1
0,2,0,2,802,7.15222e+06,-11.3,-48.3,37,-1,175,0.35,-1676,0,0,300,145,2,2,0,2,1
0,2,0,2,818,7.15223e+06,-5.7,-48.3,42.6,-1,175,0.35,-1676,0,0,300,145,2,2,0,2,1
0,2,0,2,842,7.15225e+06,-5.7,-48.3,42.6,-1,175,0.35,-1676,0,0,300,145,2,2,0,2,1
0,2,0,2,858,7.15227e+06,-0.8,-48.3,47.5,-1,175,0.35,-1676,0,0,300,145,2,2,0,2,1
0,2,0,2,882,7.15229e+06,-0.8,-48.3,47.5,-1,175,0.35,-1676,0,0,300,145,2,2,0,2,1
0,2,0,2,898,7.1523e+06,4.6,-48.3,52.9,-1,175,0.35,-1676,0,0,300,145,2,2,0,2,1
0,2,0,2,914,7.15232e+06,4.6,-48.3,52.9,-1,175,0.35,-1676,0,0,300,145,2,2,0,2,1
0,2,0,2,938,7.15234e+06,12.6,-48.3,60.9,-1,175,0.35,-1676,0,0,300,145,2,2,0,2,1
0,2,0,2,962,7.15236e+06,12.6,-48.3,60.9,-1,175,0.35,-1676,0,0,300,145,2,2,0,2,1
0,2,0,2,978,7.15238e+06,17.8,-48.3,66.1,-1,175,0.35,-1676,0,0,300,145,2,2,0,2,1
0,3,0,3,1010,7.1524e+06,17.8,-48.3,66.1,-1,175,0.35,-1676,0,0,300,145,2,2,1,2,1
0,3,0,3,1026,7.15242e+06,22.9,-48.3,71.2,-1,175,0.35,-1676,0,0,300,145,2,2,1,2,1
0,3,0,3,1050,7.15244e+06,22.9,-48.3,71.2,-1,175,0.35,-1676,0,0,300,145,2,2,1,2,1
0,3,0,3,1066,7.15245e+06,28.1,-48.3,76.4,-1,175,0.35,-1676,0,0,300,145,2,2,1,2,1
0,3,0,3,1090,7.15247e+06,28.1,-48.3,76.4,-1,175,0.35,-1676,0,0,300,145,2,2,1,2,1
0,3,0,3,1106,7.15249e+06,32.8,-48.3,81.1,-1,175,0.35,-1676,0,0,300,145,2,2,1,2,1
0,3,0,3,1130,7.15251e+06,37.5,-48.3,85.8,-1,175,0.35,-1676,0,0,300,145,2,2,1,2,1
0,3,0,3,1154,7.15253e+06,37.5,-48.3,85.8,-1,175,0.35,-1676,0,0,300,145,2,2,1,2,1
0,3,0,3,1170,7.15254e+06,42.1,-48.3,90.4,-1,175,0.35,-1676,0,0,300,145,2,2,1,2,1
0,3,0,3,1194,7.15256e+06,42.1,-48.3,90.4,-1,175,0.35,-1676,0,0,300,145,2,2,1,2,1
0,3,0,3,1218,7.15258e+06,46.8,-48.3,95.1,-1,175,0.35,-1676,0,0,300,145,2,2,1,2,1
0,3,0,3,1234,7.1526e+06,46.8,-48.3,95.1,-1,175,0.35,-1676,0,0,300,145,2,2,1,2,1
0,3,0,3,1258,7.15262e+06,51,-48.3,99.3,-1,175,0.35,-1676,0,0,300,145,2,2,1,2,1
0,3,0,3,1274,7.15264e+06,51,-48.3,99.3,-1,175,0.35,-1676,0,0,300,145,2,2,1,2,1
0,3,0,3,1298,7.15266e+06,55.3,-48.3,103.6,-1,175,0.35,-1676,0,0,300,145,2,2,1,2,1
0,3,0,3,1322,7.15267e+06,60,-48.3,108.3,-1,175,0.35,-1676,0,0,300,145,2,2,1,2,1
0,3,0,3,1346,7.15269e+06,60,-48.3,108.3,-1,175,0.35,-1676,0,0,300,145,2,2,1,2,1
0,3,0,3,1370,7.15272e+06,63.9,-48.3,112.2,-1,175,0.35,-1676,0,0,300,145,2,2,1,2,1
0,3,0,3,1386,7.15273e+06,63.9,-48.3,112.2,-1,175,0.35,-1676,0,0,300,145,2,2,1,2,1
0,2,0,2,952,7.16918e+06,-16.2,-51.2,35,-1,175,0.35,-1676,0,0,300,145,5,5,0,2,1
0,3,0,3,968,7.1692e+06,-13.2,-51.2,38,-1,175,0.35,-1676,0,0,300,145,5,5,1,2,1
0,3,0,3,992,7.16922e+06,-13.2,-51.2,38,-1,175,0.35,-1676,0,0,300,145,5,5,1,2,1
0,3,0,3,1008,7.16923e+06,-9.7,-51.2,41.5,-1,175,0.35,-1676,0,0,300,145,5,5,1,2,1
0,3,0,3,1032,7.16925e+06,-9.7,-51.2,41.5,-1,175,0.35,-1676,0,0,300,145,5,5,1,2,1
0,3,0,3,1048,7.16927e+06,-4.7,-51.2,46.5,-1,175,0.35,-1676,0,0,300,145,5,5,1,2,1
0,3,0,3,1064,7.16929e+06,-4.7,-51.2,46.5,-1,175,0.35,-1676,0,0,300,145,5,5,1,2,1
0,3,0,3,1088,7.1693e+06,-4.7,-51.2,46.5,-1,175,0.35,-1676,0,0,300,145,5,5,1,2,1
0,3,0,3,1112,7.16932e+06,-0.3,-51.2,50.9,-1,175,0.35,-1676,0,0,300,145,5,5,1,2,1
0,3,0,3,1136,7.16934e+06,-0.3,-51.2,50.9,-1,175,0.35,-1676,0,0,300,145,5,5,1,2,1
0,3,0,3,1152,7.16936e+06,-0.3,-51.2,50.9,-1,175,0.35,-1676,0,0,300,145,5,5,1,2,1
0,3,0,3,1176,7.16938e+06,3.9,-51.2,55.1,-1,175,0.35,-1676,0,0,300,145,5,5,1,2,1
0,3,0,3,1192,7.1694e+06,3.9,-51.2,55.1,-1,175,0.35,-1676,0,0,300,145,5,5,1,2,1
0,3,0,3,1216,7.16942e+06,6.5,-51.2,57.7,-1,175,0.35,-1676,0,0,300,145,5,5,1,2,1
0,3,0,3,1232,7.16943e+06,6.5,-51.2,57.7,-1,175,0.35,-1676,0,0,300,145,5,5,1,2,1
0,3,0,3,1256,7.16945e+06,9.3,-51.2,60.5,-1,175,0.35,-1676,0,0,300,145,5,5,1,2,1
0,3,0,3,1280,7.16947e+06,9.3,-51.2,60.5,-1,175,0.35,-1676,0,0,300,145,5,5,1,2,1
0,3,0,3,1296,7.16949e+06,13.1,-51.2,64.3,-1,175,0.35,-1676,0,0,300,145,5,5,1,2,1
0,3,0,3,1320,7.16951e+06,13.1,-51.2,64.3,-1,175,0.35,-1676,0,0,300,145,5,5,1,2,1
0,3,0,3,1344,7.16953e+06,13.1,-51.2,64.3,-1,175,0.35,-1676,0,0,300,145,5,5,1,2,1
0,3,0,3,1368,7.16955e+06,16.8,-51.2,68,-1,175,0.35,-1676,0,0,300,145,5,5,1,2,1
0,3,0,3,1384,7.16957e+06,16.8,-51.2,68,-1,175,0.35,-1676,0,0,300,145,5,5,1,2,1
0,3,0,3,1408,7.16958e+06,16.8,-51.2,68,-1,175,0.35,-1676,0,0,300,145,5,5,1,2,1
0,3,0,3,1424,7.1696e+06,21,-51.2,72.2,-1,175,0.35,-1676,0,0,300,145,5,5,1,2,1
0,3,0,3,1448,7.16962e+06,21,-51.2,72.2,-1,175,0.35,-1676,0,0,300,145,5,5,1,2,1
0,3,0,3,1472,7.16964e+06,21,-51.2,72.2,-1,175,0.35,-1676,0,0,300,145,5,5,1,2,1
0,3,0,3,1496,7.16966e+06,24.1,-51.2,75.3,-1,175,0.35,-1676,0,0,300,145,5,5,1,2,1
0,3,0,3,1520,7.16968e+06,24.1,-51.2,75.3,-1,175,0.35,-1676,0,0,300,145,5,5,1,2,1
0,3,0,3,1536,7.1697e+06,24.1,-51.2,75.3,-1,175,0.35,-1676,0,0,300,145,5,5,1,2,1
0,4,0,4,1560,7.16972e+06,26.7,-51.2,77.9,-1,175,0.35,-1676,0,0,300,145,5,5,1,2,1
1,2,1,2,1001,7.18244e+06,1.4,-50.2,51.6,-1,225,0.45,-1676,0,0,300,145,8,8,0,2,1
1,3,1,3,1025,7.18246e+06,1.4,-50.2,51.6,-1,225,0.45,-1676,0,0,300,145,8,8,1,2,1
1,3,1,3,1041,7.18248e+06,5.6,-50.2,55.8,-1,225,0.45,-1676,0,0,300,145,8,8,1,2,1
1,3,1,3,1065,7.1825e+06,5.6,-50.2,55.8,-1,225,0.45,-1676,0,0,300,145,8,8,1,2,1
1,3,1,3,1081,7.18252e+06,11.9,-50.2,62.1,-1,225,0.45,-1676,0,0,300,145,8,8,1,2,1
1,3,1,3,1105,7.18254e+06,11.9,-50.2,62.1,-1,225,0.45,-1676,0,0,300,145,8,8,1,2,1
1,3,1,3,1129,7.18256e+06,15.9,-50.2,66.1,-1,225,0.45,-1676,0,0,300,145,8,8,1,2,1
1,3,1,3,1145,7.18257e+06,15.9,-50.2,66.1,-1,225,0.45,-1676,0,0,300,145,8,8,1,2,1
1,3,1,3,1169,7.18259e+06,19.9,-50.2,70.1,-1,225,0.45,-1676,0,0,300,145,8,8,1,2,1
1,3,1,3,1193,7.18261e+06,19.9,-50.2,70.1,-1,225,0.45,-1676,0,0,300,145,8,8,1,2,1
1,3,1,3,1209,7.18263e+06,24.1,-50.2,74.3,-1,225,0.45,-1676,0,0,300,145,8,8,1,2,1
1,3,1,3,1233,7.18265e+06,24.1,-50.2,74.3,-1,225,0.45,-1676,0,0,300,145,8,8,1,2,1
1,3,1,3,1249,7.18266e+06,27.8,-50.2,78,-1,225,0.45,-1676,0,0,300,145,8,8,1,2,1
1,3,1,3,1265,7.18268e+06,27.8,-50.2,78,-1,225,0.45,-1676,0,0,300,145,8,8,1,2,1
1,3,1,3,1289,7.1827e+06,31.4,-50.2,81.6,-1,225,0.45,-1676,0,0,300,145,8,8,1,2,1
1,3,1,3,1313,7.18272e+06,31.4,-50.2,81.6,-1,225,0.45,-1676,0,0,300,145,8,8,1,2,1
1,3,1,3,1329,7.18274e+06,36.5,-50.2,86.7,-1,225,0.45,-1676,0,0,300,145,8,8,1,2,1
1,3,1,3,1353,7.18275e+06,36.5,-50.2,86.7,-1,225,0.45,-1676,0,0,300,145,8,8,1,2,1
1,3,1,3,1377,7.18277e+06,40.3,-50.2,90.5,-1,225,0.45,-1676,0,0,300,145,8,8,1,2,1
1,3,1,3,1401,7.18279e+06,40.3,-50.2,90.5,-1,225,0.45,-1676,0,0,300,145,8,8,1,2,1
1,3,1,3,1417,7.18281e+06,43.1,-50.2,93.3,-1,225,0.45,-1676,0,0,300,145,8,8,1,2,1
1,3,1,3,1433,7.18283e+06,43.1,-50.2,93.3,-1,225,0.45,-1676,0,0,300,145,8,8,1,2,1
1,3,1,3,1457,7.18285e+06,46.6,-50.2,96.8,-1,225,0.45,-1676,0,0,300,145,8,8,1,2,1
1,3,1,3,1473,7.18286e+06,46.6,-50.2,96.8,-1,225,0.45,-1676,0,0,300,145,8,8,1,2,1
1,3,1,3,1497,7.18288e+06,46.6,-50.2,96.8,-1,225,0.45,-1676,0,0,300,145,8,8,1,2,1
1,3,1,3,1513,7.1829e+06,51,-50.2,101.2,-1,225,0.45,-1676,0,0,300,145,8,8,1,2,1
1,3,1,3,1537,7.18292e+06,51,-50.2,101.2,-1,225,0.45,-1676,0,0,300,145,8,8,1,2,1
1,3,1,3,1561,7.18294e+06,55.5,-50.2,105.7,-1,225,0.45,-1676,0,0,300,145,8,8,1,2,1
1,3,1,3,1577,7.18296e+06,55.5,-50.2,105.7,-1,225,0.45,-1676,0,0,300,145,8,8,1,2,1
1,3,1,3,1601,7.18297e+06,58.3,-50.2,108.5,-1,225,0.45,-1676,0,0,300,145,8,8,1,2,1
2,2,2,2,928,7.19455e+06,-13.6,-48.3,34.7,-1,275,0.55,-1676,0,0,300,145,11,11,0,2,1
2,2,2,2,952,7.19457e+06,-10.1,-48.3,38.2,-1,275,0.55,-1676,0,0,300,145,11,11,0,2,1
2,3,2,3,968,7.19459e+06,-10.1,-48.3,38.2,-1,275,0.55,-1676,0,0,300,145,11,11,1,2,1
2,3,2,3,992,7.19461e+06,-6.6,-48.3,41.7,-1,275,0.55,-1676,0,0,300,145,11,11,1,2,1
2,3,2,3,1016,7.19463e+06,-6.6,-48.3,41.7,-1,275,0.55,-1676,0,0,300,145,11,11,1,2,1
2,3,2,3,1032,7.19465e+06,-3.3,-48.3,45,-1,275,0.55,-1676,0,0,300,145,11,11,1,2,1
2,3,2,3,1056,7.19466e+06,-3.3,-48.3,45,-1,275,0.55,-1676,0,0,300,145,11,11,1,2,1
2,3,2,3,1080,7.19468e+06,-3.3,-48.3,45,-1,275,0.55,-1676,0,0,300,145,11,11,1,2,1
2,3,2,3,1096,7.1947e+06,3,-48.3,51.3,-1,275,0.55,-1676,0,0,300,145,11,11,1,2,1
2,3,2,3,1120,7.19472e+06,3,-48.3,51.3,-1,275,0.55,-1676,0,0,300,145,11,11,1,2,1
2,3,2,3,1144,7.19474e+06,6,-48.3,54.3,-1,275,0.55,-1676,0,0,300,145,11,11,1,2,1
2,3,2,3,1160,7.19476e+06,6,-48.3,54.3,-1,275,0.55,-1676,0,0,300,145,11,11,1,2,1
2,3,2,3,1184,7.19478e+06,6,-48.3,54.3,-1,275,0.55,-1676,0,0,300,145,11,11,1,2,1
2,3,2,3,1200,7.1948e+06,10.3,-48.3,58.6,-1,275,0.55,-1676,0,0,300,145,11,11,1,2,1
2,3,2,3,1224,7.19481e+06,10.3,-48.3,58.6,-1,275,0.55,-1676,0,0,300,145,11,11,1,2,1
2,3,2,3,1248,7.19483e+06,10.3,-48.3,58.6,-1,275,0.55,-1676,0,0,300,145,11,11,1,2,1
2,3,2,3,1264,7.19485e+06,15.9,-48.3,64.2,-1,275,0.55,-1676,0,0,300,145,11,11,1,2,1
2,3,2,3,1288,7.19487e+06,15.9,-48.3,64.2,-1,275,0.55,-1676,0,0,300,145,11,11,1,2,1
2,3,2,3,1312,7.19489e+06,15.9,-48.3,64.2,-1,275,0.55,-1676,0,0,300,145,11,11,1,2,1
2,3,2,3,1336,7.19491e+06,19.6,-48.3,67.9,-1,275,0.55,-1676,0,0,300,145,11,11,1,2,1
2,3,2,3,1352,7.19493e+06,19.6,-48.3,67.9,-1,275,0.55,-1676,0,0,300,145,11,11,1,2,1
2,3,2,3,1376,7.19495e+06,19.6,-48.3,67.9,-1,275,0.55,-1676,0,0,300,145,11,11,1,2,1
2,3,2,3,1400,7.19497e+06,24.3,-48.3,72.6,-1,275,0.55,-1676,0,0,300,145,11,11,1,2,1
2,3,2,3,1424,7.19499e+06,24.3,-48.3,72.6,-1,275,0.55,-1676,0,0,300,145,11,11,1,2,1
2,3,2,3,1448,7.19501e+06,24.3,-48.3,72.6,-1,275,0.55,-1676,0,0,300,145,11,11,1,2,1
2,3,2,3,1464,7.19503e+06,27.6,-48.3,75.9,-1,275,0.55,-1676,0,0,300,145,11,11,1,2,1
2,3,2,3,1488,7.19505e+06,27.6,-48.3,75.9,-1,275,0.55,-1676,0,0,300,145,11,11,1,2,1
2,3,2,3,1504,7.19506e+06,27.6,-48.3,75.9,-1,275,0.55,-1676,0,0,300,145,11,11,1,2,1
2,3,2,3,1528,7.19508e+06,31.4,-48.3,79.7,-1,275,0.55,-1676,0,0,300,145,11,11,1,2,1
2,3,2,3,1552,7.1951e+06,31.4,-48.3,79.7,-1,275,0.55,-1676,0,0,300,145,11,11,1,2,1
3,2,3,2,921,7.2075e+06,-4.3,-43.9,39.6,-1,325,0.65,-1676,0,0,300,145,14,14,0,2,1
3,3,3,3,945,7.20752e+06,-4.3,-43.9,39.6,-1,325,0.65,-1676,0,0,300,145,14,14,1,2,1
3,3,3,3,961,7.20754e+06,-0.8,-43.9,43.1,-1,325,0.65,-1676,0,0,300,145,14,14,1,2,1
3,3,3,3,985,7.20756e+06,-0.8,-43.9,43.1,-1,325,0.65,-1676,0,0,300,145,14,14,1,2,1
3,3,3,3,1001,7.20758e+06,2.8,-43.9,46.7,-1,325,0.65,-1676,0,0,300,145,14,14,1,2,1
3,3,3,3,1025,7.2076e+06,2.8,-43.9,46.7,-1,325,0.65,-1676,0,0,300,145,14,14,1,2,1
3,3,3,3,1049,7.20762e+06,7.9,-43.9,51.8,-1,325,0.65,-1676,0,0,300,145,14,14,1,2,1
3,3,3,3,1073,7.20763e+06,7.9,-43.9,51.8,-1,325,0.65,-1676,0,0,300,145,14,14,1,2,1
3,3,3,3,1089,7.20765e+06,7.9,-43.9,51.8,-1,325,0.65,-1676,0,0,300,145,14,14,1,2,1
3,3,3,3,1113,7.20767e+06,13.1,-43.9,57,-1,325,0.65,-1676,0,0,300,145,14,14,1,2,1
3,3,3,3,1137,7.20769e+06,13.1,-43.9,57,-1,325,0.65,-1676,0,0,300,145,14,14,1,2,1
3,3,3,3,1153,7.20771e+06,13.1,-43.9,57,-1,325,0.65,-1676,0,0,300,145,14,14,1,2,1
3,3,3,3,1177,7.20773e+06,17.8,-43.9,61.7,-1,325,0.65,-1676,0,0,300,145,14,14,1,2,1
3,3,3,3,1193,7.20775e+06,17.8,-43.9,61.7,-1,325,0.65,-1676,0,0,300,145,14,14,1,2,1
3,3,3,3,1217,7.20776e+06,22,-43.9,65.9,-1,325,0.65,-1676,0,0,300,145,14,14,1,2,1
3,3,3,3,1241,7.20779e+06,22,-43.9,65.9,-1,325,0.65,-1676,0,0,300,145,14,14,1,2,1
3,3,3,3,1265,7.20781e+06,22,-43.9,65.9,-1,325,0.65,-1676,0,0,300,145,14,14,1,2,1
3,3,3,3,1289,7.20783e+06,26.2,-43.9,70.1,-1,325,0.65,-1676,0,0,300,145,14,14,1,2,1
3,3,3,3,1305,7.20784e+06,26.2,-43.9,70.1,-1,325,0.65,-1676,0,0,300,145,14,14,1,2,1
3,3,3,3,1329,7.20786e+06,26.2,-43.9,70.1,-1,325,0.65,-1676,0,0,300,145,14,14,1,2,1
3,3,3,3,1345,7.20788e+06,30,-43.9,73.9,-1,325,0.65,-1676,0,0,300,145,14,14,1,2,1
3,3,3,3,1369,7.2079e+06,30,-43.9,73.9,-1,325,0.65,-1676,0,0,300,145,14,14,1,2,1
3,3,3,3,1393,7.20792e+06,33.7,-43.9,77.6,-1,325,0.65,-1676,0,0,300,145,14,14,1,2,1
3,3,3,3,1417,7.20793e+06,33.7,-43.9,77.6,-1,325,0.65,-1676,0,0,300,145,14,14,1,2,1
3,3,3,3,1433,7.20796e+06,33.7,-43.9,77.6,-1,325,0.65,-1676,0,0,300,145,14,14,1,2,1
3,3,3,3,1457,7.20798e+06,37,-43.9,80.9,-1,325,0.65,-1676,0,0,300,145,14,14,1,2,1
3,3,3,3,1473,7.20799e+06,37,-43.9,80.9,-1,325,0.65,-1676,0,0,300,145,14,14,1,2,1
3,3,3,3,1497,7.20801e+06,37,-43.9,80.9,-1,325,0.65,-1676,0,0,300,145,14,14,1,2,1
3,3,3,3,1513,7.20803e+06,40.3,-43.9,84.2,-1,325,0.65,-1676,0,0,300,145,14,14,1,2,1
3,4,3,4,1537,7.20805e+06,40.3,-43.9,84.2,-1,325,0.65,-1676,0,0,300,145,14,14,1,2,1
4,2,4,2,946,7.22041e+06,-5.7,-53,47.3,-1,375,0.75,-1796,0,0,300,145,17,17,0,2,1
4,2,4,2,962,7.22042e+06,-1,-53,52,-1,375,0.75,-1796,0,0,300,145,17,17,0,2,1
4,2,4,2,986,7.22044e+06,-1,-53,52,-1,375,0.75,-1796,0,0,300,145,17,17,0,2,1
4,2,4,2,1002,7.22046e+06,4.2,-53,57.2,-1,375,0.75,-1796,0,0,300,145,17,17,0,2,1
4,2,4,2,1026,7.22048e+06,4.2,-53,57.2,-1,375,0.75,-1796,0,0,300,145,17,17,0,2,1
4,2,4,2,1042,7.22049e+06,9.1,-53,62.1,-1,375,0.75,-1796,0,0,300,145,17,17,0,2,1
4,3,4,3,1066,7.22051e+06,14,-53,67,-1,375,0.75,-1796,0,0,300,145,17,17,1,2,1
4,3,4,3,1082,7.22053e+06,14,-53,67,-1,375,0.75,-1796,0,0,300,145,17,17,1,2,1
4,3,4,3,1098,7.22054e+06,18.7,-53,71.7,-1,375,0.75,-1796,0,0,300,145,17,17,1,2,1
4,3,4,3,1122,7.22056e+06,18.7,-53,71.7,-1,375,0.75,-1796,0,0,300,145,17,17,1,2,1
4,3,4,3,1146,7.22058e+06,23.4,-53,76.4,-1,375,0.75,-1796,0,0,300,145,17,17,1,2,1
4,3,4,3,1162,7.2206e+06,23.4,-53,76.4,-1,375,0.75,-1796,0,0,300,145,17,17,1,2,1
4,3,4,3,1186,7.22062e+06,28.1,-53,81.1,-1,375,0.75,-1796,0,0,300,145,17,17,1,2,1
4,3,4,3,1210,7.22064e+06,28.1,-53,81.1,-1,375,0.75,-1796,0,0,300,145,17,17,1,2,1
4,3,4,3,1226,7.22066e+06,31.8,-53,84.8,-1,375,0.75,-1796,0,0,300,145,17,17,1,2,1
4,3,4,3,1250,7.22068e+06,31.8,-53,84.8,-1,375,0.75,-1796,0,0,300,145,17,17,1,2,1
4,3,4,3,1274,7.22069e+06,36.5,-53,89.5,-1,375,0.75,-1796,0,0,300,145,17,17,1,2,1
4,3,4,3,1290,7.22071e+06,36.5,-53,89.5,-1,375,0.75,-1796,0,0,300,145,17,17,1,2,1
4,3,4,3,1306,7.22073e+06,42.6,-53,95.6,-1,375,0.75,-1796,0,0,300,145,17,17,1,2,1
4,3,4,3,1330,7.22074e+06,42.6,-53,95.6,-1,375,0.75,-1796,0,0,300,145,17,17,1,2,1
4,3,4,3,1346,7.22076e+06,46.8,-53,99.8,-1,375,0.75,-1796,0,0,300,145,17,17,1,2,1
4,3,4,3,1370,7.22078e+06,46.8,-53,99.8,-1,375,0.75,-1796,0,0,300,145,17,17,1,2,1
4,3,4,3,1386,7.2208e+06,50.6,-53,103.6,-1,375,0.75,-1796,0,0,300,145,17,17,1,2,1
4,3,4,3,1410,7.22082e+06,50.6,-53,103.6,-1,375,0.75,-1796,0,0,300,145,17,17,1,2,1
4,3,4,3,1426,7.22083e+06,54.3,-53,107.3,-1,375,0.75,-1796,0,0,300,145,17,17,1,2,1
4,3,4,3,1450,7.22085e+06,54.3,-53,107.3,-1,375,0.75,-1796,0,0,300,145,17,17,1,2,1
4,3,4,3,1474,7.22087e+06,58.1,-53,111.1,-1,375,0.75,-1796,0,0,300,145,17,17,1,2,1
4,3,4,3,1490,7.22089e+06,58.1,-53,111.1,-1,375,0.75,-1796,0,0,300,145,17,17,1,2,1
4,3,4,3,1514,7.22091e+06,62.1,-53,115.1,-1,375,0.75,-1796,0,0,300,145,17,17,1,2,1
4,3,4,3,1538,7.22093e+06,62.1,-53,115.1,-1,375,0.75,-1796,0,0,300,145,17,17,1,2,1
4,2,4,2,984,7.22929e+06,-10.6,-59.4,48.8,-1,375,0.75,-1796,0,0,300,145,20,20,0,2,1
4,2,4,2,1000,7.22931e+06,-5.7,-59.4,53.7,-1,375,0.75,-1796,0,0,300,145,20,20,0,2,1
4,2,4,2,1024,7.22933e+06,-5.7,-59.4,53.7,-1,375,0.75,-1796,0,0,300,145,20,20,0,2,1
4,2,4,2,1048,7.22935e+06,-0.3,-59.4,59.1,-1,375,0.75,-1796,0,0,300,145,20,20,0,2,1
4,2,4,2,1072,7.22937e+06,-0.3,-59.4,59.1,-1,375,0.75,-1796,0,0,300,145,20,20,0,2,1
4,2,4,2,1088,7.22939e+06,4.6,-59.4,64,-1,375,0.75,-1796,0,0,300,145,20,20,0,2,1
4,3,4,3,1112,7.2294e+06,4.6,-59.4,64,-1,375,0.75,-1796,0,0,300,145,20,20,1,2,1
4,3,4,3,1128,7.22942e+06,9.6,-59.4,69,-1,375,0.75,-1796,0,0,300,145,20,20,1,2,1
4,3,4,3,1152,7.22944e+06,9.6,-59.4,69,-1,375,0.75,-1796,0,0,300,145,20,20,1,2,1
4,3,4,3,1168,7.22946e+06,14.5,-59.4,73.9,-1,375,0.75,-1796,0,0,300,145,20,20,1,2,1
4,3,4,3,1192,7.22948e+06,19.4,-59.4,78.8,-1,375,0.75,-1796,0,0,300,145,20,20,1,2,1
4,3,4,3,1208,7.22949e+06,19.4,-59.4,78.8,-1,375,0.75,-1796,0,0,300,145,20,20,1,2,1
4,3,4,3,1232,7.22951e+06,24.3,-59.4,83.7,-1,375,0.75,-1796,0,0,300,145,20,20,1,2,1
4,3,4,3,1248,7.22953e+06,24.3,-59.4,83.7,-1,375,0.75,-1796,0,0,300,145,20,20,1,2,1
4,3,4,3,1272,7.22955e+06,28.8,-59.4,88.2,-1,375,0.75,-1796,0,0,300,145,20,20,1,2,1
4,3,4,3,1296,7.22957e+06,28.8,-59.4,88.2,-1,375,0.75,-1796,0,0,300,145,20,20,1,2,1
4,3,4,3,1312,7.22959e+06,32.8,-59.4,92.2,-1,375,0.75,-1796,0,0,300,145,20,20,1,2,1
4,3,4,3,1336,7.22961e+06,32.8,-59.4,92.2,-1,375,0.75,-1796,0,0,300,145,20,20,1,2,1
4,3,4,3,1360,7.22962e+06,37.4,-59.4,96.8,-1,375,0.75,-1796,0,0,300,145,20,20,1,2,1
4,3,4,3,1376,7.22964e+06,37.4,-59.4,96.8,-1,375,0.75,-1796,0,0,300,145,20,20,1,2,1
4,3,4,3,1400,7.22966e+06,44,-59.4,103.4,-1,375,0.75,-1796,0,0,300,145,20,20,1,2,1
4,3,4,3,1416,7.22968e+06,44,-59.4,103.4,-1,375,0.75,-1796,0,0,300,145,20,20,1,2,1
4,3,4,3,1440,7.2297e+06,47.8,-59.4,107.2,-1,375,0.75,-1796,0,0,300,145,20,20,1,2,1
4,3,4,3,1464,7.22972e+06,47.8,-59.4,107.2,-1,375,0.75,-1796,0,0,300,145,20,20,1,2,1
4,3,4,3,1480,7.22973e+06,51.7,-59.4,111.1,-1,375,0.75,-1796,0,0,300,145,20,20,1,2,1
4,3,4,3,1504,7.22975e+06,51.7,-59.4,111.1,-1,375,0.75,-1796,0,0,300,145,20,20,1,2,1
4,3,4,3,1528,7.22977e+06,55.7,-59.4,115.1,-1,375,0.75,-1796,0,0,300,145,20,20,1,2,1
4,3,4,3,1544,7.22979e+06,55.7,-59.4,115.1,-1,375,0.75,-1796,0,0,300,145,20,20,1,2,1
4,3,4,3,1560,7.22981e+06,59.7,-59.4,119.1,-1,375,0.75,-1796,0,0,300,145,20,20,1,2,1
4,3,4,3,1584,7.22983e+06,59.7,-59.4,119.1,-1,375,0.75,-1796,0,0,300,145,20,20,1,2,1
4,2,4,2,936,7.23809e+06,-16,-57.2,41.2,-1,375,0.75,-1796,0,0,300,145,23,23,0,2,1
4,2,4,2,960,7.23811e+06,-7.5,-57.2,49.7,-1,375,0.75,-1796,0,0,300,145,23,23,0,2,1
4,2,4,2,976,7.23813e+06,-7.5,-57.2,49.7,-1,375,0.75,-1796,0,0,300,145,23,23,0,2,1
4,2,4,2,1000,7.23814e+06,-2.4,-57.2,54.8,-1,375,0.75,-1796,0,0,300,145,23,23,0,2,1
4,2,4,2,1024,7.23816e+06,-2.4,-57.2,54.8,-1,375,0.75,-1796,0,0,300,145,23,23,0,2,1
4,2,4,2,1048,7.23818e+06,2.8,-57.2,60,-1,375,0.75,-1796,0,0,300,145,23,23,0,2,1
4,2,4,2,1064,7.2382e+06,2.8,-57.2,60,-1,375,0.75,-1796,0,0,300,145,23,23,0,2,1
4,2,4,2,1080,7.23822e+06,7.9,-57.2,65.1,-1,375,0.75,-1796,0,0,300,145,23,23,0,2,1
4,2,4,2,1104,7.23824e+06,7.9,-57.2,65.1,-1,375,0.75,-1796,0,0,300,145,23,23,0,2,1
4,3,4,3,1120,7.23825e+06,13.1,-57.2,70.3,-1,375,0.75,-1796,0,0,300,145,23,23,1,2,1
4,3,4,3,1144,7.23827e+06,13.1,-57.2,70.3,-1,375,0.75,-1796,0,0,300,145,23,23,1,2,1
4,3,4,3,1160,7.23829e+06,18.2,-57.2,75.4,-1,375,0.75,-1796,0,0,300,145,23,23,1,2,1
4,3,4,3,1184,7.23831e+06,23.2,-57.2,80.4,-1,375,0.75,-1796,0,0,300,145,23,23,1,2,1
4,3,4,3,1208,7.23833e+06,23.2,-57.2,80.4,-1,375,0.75,-1796,0,0,300,145,23,23,1,2,1
4,3,4,3,1232,7.23835e+06,28.1,-57.2,85.3,-1,375,0.75,-1796,0,0,300,145,23,23,1,2,1
4,3,4,3,1248,7.23837e+06,28.1,-57.2,85.3,-1,375,0.75,-1796,0,0,300,145,23,23,1,2,1
4,3,4,3,1272,7.23839e+06,32.8,-57.2,90,-1,375,0.75,-1796,0,0,300,145,23,23,1,2,1
4,3,4,3,1288,7.2384e+06,32.8,-57.2,90,-1,375,0.75,-1796,0,0,300,145,23,23,1,2,1
4,3,4,3,1312,7.23842e+06,37.5,-57.2,94.7,-1,375,0.75,-1796,0,0,300,145,23,23,1,2,1
4,3,4,3,1328,7.23844e+06,37.5,-57.2,94.7,-1,375,0.75,-1796,0,0,300,145,23,23,1,2,1
4,3,4,3,1352,7.23846e+06,41.9,-57.2,99.1,-1,375,0.75,-1796,0,0,300,145,23,23,1,2,1
4,3,4,3,1376,7.23848e+06,41.9,-57.2,99.1,-1,375,0.75,-1796,0,0,300,145,23,23,1,2,1
4,3,4,3,1400,7.2385e+06,48.5,-57.2,105.7,-1,375,0.75,-1796,0,0,300,145,23,23,1,2,1
4,3,4,3,1416,7.23851e+06,48.5,-57.2,105.7,-1,375,0.75,-1796,0,0,300,145,23,23,1,2,1
4,3,4,3,1440,7.23853e+06,52.5,-57.2,109.7,-1,375,0.75,-1796,0,0,300,145,23,23,1,2,1
4,3,4,3,1464,7.23855e+06,52.5,-57.2,109.7,-1,375,0.75,-1796,0,0,300,145,23,23,1,2,1
4,3,4,3,1480,7.23857e+06,57.1,-57.2,114.3,-1,375,0.75,-1796,0,0,300,145,23,23,1,2,1
4,3,4,3,1504,7.23859e+06,57.1,-57.2,114.3,-1,375,0.75,-1796,0,0,300,145,23,23,1,2,1
4,3,4,3,1520,7.23861e+06,60.9,-57.2,118.1,-1,375,0.75,-1796,0,0,300,145,23,23,1,2,1
4,3,4,3,1536,7.23862e+06,60.9,-57.2,118.1,-1,375,0.75,-1796,0,0,300,145,23,23,1,2,1
4,2,4,2,785,7.2655e+06,-18.8,-46.7,27.9,-1,375,0.75,-1796,0,0,300,145,26,26,0,2,1
4,2,4,2,809,7.26552e+06,-18.8,-46.7,27.9,-1,375,0.75,-1796,0,0,300,145,26,26,0,2,1
4,2,4,2,825,7.26553e+06,-14.1,-46.7,32.6,-1,375,0.75,-1796,0,0,300,145,26,26,0,2,1
4,2,4,2,849,7.26555e+06,-14.1,-46.7,32.6,-1,375,0.75,-1796,0,0,300,145,26,26,0,2,1
4,2,4,2,873,7.26557e+06,-8.7,-46.7,38,-1,375,0.75,-1796,0,0,300,145,26,26,0,2,1
4,2,4,2,889,7.26559e+06,-3.6,-46.7,43.1,-1,375,0.75,-1796,0,0,300,145,26,26,0,2,1
4,2,4,2,913,7.2656e+06,-3.6,-46.7,43.1,-1,375,0.75,-1796,0,0,300,145,26,26,0,2,1
4,2,4,2,929,7.26562e+06,2.1,-46.7,48.8,-1,375,0.75,-1796,0,0,300,145,26,26,0,2,1
4,2,4,2,953,7.26564e+06,2.1,-46.7,48.8,-1,375,0.75,-1796,0,0,300,145,26,26,0,2,1
4,2,4,2,977,7.26566e+06,7.7,-46.7,54.4,-1,375,0.75,-1796,0,0,300,145,26,26,0,2,1
4,2,4,2,993,7.26568e+06,7.7,-46.7,54.4,-1,375,0.75,-1796,0,0,300,145,26,26,0,2,1
4,2,4,2,1017,7.2657e+06,13.5,-46.7,60.2,-1,375,0.75,-1796,0,0,300,145,26,26,0,2,1
4,2,4,2,1033,7.26572e+06,13.5,-46.7,60.2,-1,375,0.75,-1796,0,0,300,145,26,26,0,2,1
4,2,4,2,1057,7.26573e+06,19.4,-46.7,66.1,-1,375,0.75,-1796,0,0,300,145,26,26,0,2,1
4,2,4,2,1081,7.26575e+06,19.4,-46.7,66.1,-1,375,0.75,-1796,0,0,300,145,26,26,0,2,1
4,2,4,2,1097,7.26577e+06,27.4,-46.7,74.1,-1,375,0.75,-1796,0,0,300,145,26,26,0,2,1
4,2,4,2,1121,7.26579e+06,27.4,-46.7,74.1,-1,375,0.75,-1796,0,0,300,145,26,26,0,2,1
4,3,4,3,1145,7.26581e+06,33,-46.7,79.7,-1,375,0.75,-1796,0,0,300,145,26,26,1,2,1
4,3,4,3,1161,7.26583e+06,33,-46.7,79.7,-1,375,0.75,-1796,0,0,300,145,26,26,1,2,1
4,3,4,3,1185,7.26585e+06,38.4,-46.7,85.1,-1,375,0.75,-1796,0,0,300,145,26,26,1,2,1
4,3,4,3,1201,7.26586e+06,38.4,-46.7,85.1,-1,375,0.75,-1796,0,0,300,145,26,26,1,2,1
4,3,4,3,1225,7.26588e+06,43.5,-46.7,90.2,-1,375,0.75,-1796,0,0,300,145,26,26,1,2,1
4,3,4,3,1241,7.2659e+06,43.5,-46.7,90.2,-1,375,0.75,-1796,0,0,300,145,26,26,1,2,1
4,3,4,3,1265,7.26592e+06,48.7,-46.7,95.4,-1,375,0.75,-1796,0,0,300,145,26,26,1,2,1
4,3,4,3,1289,7.26594e+06,53.9,-46.7,100.6,-1,375,0.75,-1796,0,0,300,145,26,26,1,2,1
4,3,4,3,1305,7.26596e+06,53.9,-46.7,100.6,-1,375,0.75,-1796,0,0,300,145,26,26,1,2,1
4,3,4,3,1329,7.26597e+06,59,-46.7,105.7,-1,375,0.75,-1796,0,0,300,145,26,26,1,2,1
4,3,4,3,1353,7.266e+06,59,-46.7,105.7,-1,375,0.75,-1796,0,0,300,145,26,26,1,2,1
4,3,4,3,1377,7.26601e+06,63.7,-46.7,110.4,-1,375,0.75,-1796,0,0,300,145,26,26,1,2,1
4,3,4,3,1393,7.26603e+06,63.7,-46.7,110.4,-1,375,0.75,-1796,0,0,300,145,26,26,1,2,1
4,2,4,2,961,7.27585e+06,-0.5,-49,48.5,-1,375,0.75,-1796,0,0,300,145,29,29,0,2,1
4,2,4,2,977,7.27587e+06,-0.5,-49,48.5,-1,375,0.75,-1796,0,0,300,145,29,29,0,2,1
4,2,4,2,1001,7.27588e+06,4.6,-49,53.6,-1,375,0.75,-1796,0,0,300,145,29,29,0,2,1
4,2,4,2,1017,7.2759e+06,4.6,-49,53.6,-1,375,0.75,-1796,0,0,300,145,29,29,0,2,1
4,2,4,2,1041,7.27592e+06,9.3,-49,58.3,-1,375,0.75,-1796,0,0,300,145,29,29,0,2,1
4,2,4,2,1057,7.27593e+06,9.3,-49,58.3,-1,375,0.75,-1796,0,0,300,145,29,29,0,2,1
4,3,4,3,1073,7.27595e+06,16.4,-49,65.4,-1,375,0.75,-1796,0,0,300,145,29,29,1,2,1
4,3,4,3,1097,7.27597e+06,16.4,-49,65.4,-1,375,0.75,-1796,0,0,300,145,29,29,1,2,1
4,3,4,3,1121,7.27599e+06,21,-49,70,-1,375,0.75,-1796,0,0,300,145,29,29,1,2,1
4,3,4,3,1145,7.27601e+06,21,-49,70,-1,375,0.75,-1796,0,0,300,145,29,29,1,2,1
4,3,4,3,1161,7.27603e+06,25.5,-49,74.5,-1,375,0.75,-1796,0,0,300,145,29,29,1,2,1
4,3,4,3,1185,7.27604e+06,25.5,-49,74.5,-1,375,0.75,-1796,0,0,300,145,29,29,1,2,1
4,3,4,3,1201,7.27606e+06,30,-49,79,-1,375,0.75,-1796,0,0,300,145,29,29,1,2,1
4,3,4,3,1225,7.27608e+06,30,-49,79,-1,375,0.75,-1796,0,0,300,145,29,29,1,2,1
4,3,4,3,1241,7.2761e+06,34.4,-49,83.4,-1,375,0.75,-1796,0,0,300,145,29,29,1,2,1
4,3,4,3,1265,7.27612e+06,34.4,-49,83.4,-1,375,0.75,-1796,0,0,300,145,29,29,1,2,1
4,3,4,3,1289,7.27614e+06,40.3,-49,89.3,-1,375,0.75,-1796,0,0,300,145,29,29,1,2,1
4,3,4,3,1305,7.27615e+06,40.3,-49,89.3,-1,375,0.75,-1796,0,0,300,145,29,29,1,2,1
4,3,4,3,1329,7.27617e+06,44.7,-49,93.7,-1,375,0.75,-1796,0,0,300,145,29,29,1,2,1
4,3,4,3,1345,7.27619e+06,44.7,-49,93.7,-1,375,0.75,-1796,0,0,300,145,29,29,1,2,1
4,3,4,3,1369,7.27621e+06,48.7,-49,97.7,-1,375,0.75,-1796,0,0,300,145,29,29,1,2,1
4,3,4,3,1393,7.27623e+06,48.7,-49,97.7,-1,375,0.75,-1796,0,0,300,145,29,29,1,2,1
4,3,4,3,1409,7.27625e+06,52.4,-49,101.4,-1,375,0.75,-1796,0,0,300,145,29,29,1,2,1
4,3,4,3,1433,7.27626e+06,52.4,-49,101.4,-1,375,0.75,-1796,0,0,300,145,29,29,1,2,1
4,3,4,3,1449,7.27628e+06,56.2,-49,105.2,-1,375,0.75,-1796,0,0,300,145,29,29,1,2,1
4,3,4,3,1473,7.2763e+06,56.2,-49,105.2,-1,375,0.75,-1796,0,0,300,145,29,29,1,2,1
4,3,4,3,1497,7.27632e+06,61.4,-49,110.4,-1,375,0.75,-1796,0,0,300,145,29,29,1,2,1
4,3,4,3,1513,7.27634e+06,61.4,-49,110.4,-1,375,0.75,-1796,0,0,300,145,29,29,1,2,1
4,3,4,3,1537,7.27636e+06,64.9,-49,113.9,-1,375,0.75,-1796,0,0,300,145,29,29,1,2,1
4,3,4,3,1553,7.27637e+06,64.9,-49,113.9,-1,375,0.75,-1796,0,0,300,145,29,29,1,2,1
4,2,4,2,881,7.28804e+06,1.6,-36.4,38,-1,375,0.75,-1796,0,0,300,145,32,32,0,2,1
4,2,4,2,905,7.28806e+06,6.3,-36.4,42.7,-1,375,0.75,-1796,0,0,300,145,32,32,0,2,1
4,2,4,2,921,7.28808e+06,6.3,-36.4,42.7,-1,375,0.75,-1796,0,0,300,145,32,32,0,2,1
4,2,4,2,945,7.2881e+06,10.7,-36.4,47.1,-1,375,0.75,-1796,0,0,300,145,32,32,0,2,1
4,2,4,2,961,7.28811e+06,10.7,-36.4,47.1,-1,375,0.75,-1796,0,0,300,145,32,32,0,2,1
4,2,4,2,977,7.28813e+06,14.9,-36.4,51.3,-1,375,0.75,-1796,0,0,300,145,32,32,0,2,1
4,2,4,2,1001,7.28815e+06,14.9,-36.4,51.3,-1,375,0.75,-1796,0,0,300,145,32,32,0,2,1
4,3,4,3,1017,7.28816e+06,19.4,-36.4,55.8,-1,375,0.75,-1796,0,0,300,145,32,32,1,2,1
4,3,4,3,1033,7.28818e+06,19.4,-36.4,55.8,-1,375,0.75,-1796,0,0,300,145,32,32,1,2,1
4,3,4,3,1057,7.2882e+06,23.4,-36.4,59.8,-1,375,0.75,-1796,0,0,300,145,32,32,1,2,1
4,3,4,3,1073,7.28821e+06,23.4,-36.4,59.8,-1,375,0.75,-1796,0,0,300,145,32,32,1,2,1
4,3,4,3,1097,7.28823e+06,27.8,-36.4,64.2,-1,375,0.75,-1796,0,0,300,145,32,32,1,2,1
4,3,4,3,1113,7.28825e+06,27.8,-36.4,64.2,-1,375,0.75,-1796,0,0,300,145,32,32,1,2,1
4,3,4,3,1129,7.28826e+06,31.8,-36.4,68.2,-1,375,0.75,-1796,0,0,300,145,32,32,1,2,1
4,3,4,3,1153,7.28828e+06,31.8,-36.4,68.2,-1,375,0.75,-1796,0,0,300,145,32,32,1,2,1
4,3,4,3,1177,7.2883e+06,37.5,-36.4,73.9,-1,375,0.75,-1796,0,0,300,145,32,32,1,2,1
4,3,4,3,1193,7.28832e+06,37.5,-36.4,73.9,-1,375,0.75,-1796,0,0,300,145,32,32,1,2,1
4,3,4,3,1217,7.28834e+06,41.2,-36.4,77.6,-1,375,0.75,-1796,0,0,300,145,32,32,1,2,1
4,3,4,3,1241,7.28836e+06,41.2,-36.4,77.6,-1,375,0.75,-1796,0,0,300,145,32,32,1,2,1
4,3,4,3,1265,7.28838e+06,45,-36.4,81.4,-1,375,0.75,-1796,0,0,300,145,32,32,1,2,1
4,3,4,3,1281,7.2884e+06,45,-36.4,81.4,-1,375,0.75,-1796,0,0,300,145,32,32,1,2,1
4,3,4,3,1305,7.28841e+06,48.7,-36.4,85.1,-1,375,0.75,-1796,0,0,300,145,32,32,1,2,1
4,3,4,3,1329,7.28843e+06,48.7,-36.4,85.1,-1,375,0.75,-1796,0,0,300,145,32,32,1,2,1
4,3,4,3,1345,7.28845e+06,53.9,-36.4,90.3,-1,375,0.75,-1796,0,0,300,145,32,32,1,2,1
4,3,4,3,1369,7.28847e+06,53.9,-36.4,90.3,-1,375,0.75,-1796,0,0,300,145,32,32,1,2,1
4,3,4,3,1393,7.28849e+06,53.9,-36.4,90.3,-1,375,0.75,-1796,0,0,300,145,32,32,1,2,1
4,3,4,3,1417,7.28851e+06,58.8,-36.4,95.2,-1,375,0.75,-1796,0,0,300,145,32,32,1,2,1
4,3,4,3,1433,7.28853e+06,58.8,-36.4,95.2,-1,375,0.75,-1796,0,0,300,145,32,32,1,2,1
4,3,4,3,1457,7.28855e+06,62.3,-36.4,98.7,-1,375,0.75,-1796,0,0,300,145,32,32,1,2,1
4,3,4,3,1473,7.28857e+06,62.3,-36.4,98.7,-1,375,0.75,-1796,0,0,300,145,32,32,1,2,1
4,2,4,2,1009,7.30011e+06,-3.6,-54.9,51.3,-1,375,0.75,-1796,0,0,300,145,35,35,0,2,1
4,2,4,2,1025,7.30013e+06,1.3,-54.9,56.2,-1,375,0.75,-1796,0,0,300,145,35,35,0,2,1
4,2,4,2,1049,7.30015e+06,1.3,-54.9,56.2,-1,375,0.75,-1796,0,0,300,145,35,35,0,2,1
4,2,4,2,1065,7.30017e+06,8.4,-54.9,63.3,-1,375,0.75,-1796,0,0,300,145,35,35,0,2,1
4,3,4,3,1097,7.30018e+06,8.4,-54.9,63.3,-1,375,0.75,-1796,0,0,300,145,35,35,1,2,1
4,3,4,3,1113,7.30021e+06,13.1,-54.9,68,-1,375,0.75,-1796,0,0,300,145,35,35,1,2,1
4,3,4,3,1137,7.30022e+06,13.1,-54.9,68,-1,375,0.75,-1796,0,0,300,145,35,35,1,2,1
4,3,4,3,1153,7.30024e+06,17.5,-54.9,72.4,-1,375,0.75,-1796,0,0,300,145,35,35,1,2,1
4,3,4,3,1177,7.30026e+06,17.5,-54.9,72.4,-1,375,0.75,-1796,0,0,300,145,35,35,1,2,1
4,3,4,3,1193,7.30028e+06,21.7,-54.9,76.6,-1,375,0.75,-1796,0,0,300,145,35,35,1,2,1
4,3,4,3,1217,7.3003e+06,21.7,-54.9,76.6,-1,375,0.75,-1796,0,0,300,145,35,35,1,2,1
4,3,4,3,1241,7.30032e+06,28.1,-54.9,83,-1,375,0.75,-1796,0,0,300,145,35,35,1,2,1
4,3,4,3,1257,7.30034e+06,28.1,-54.9,83,-1,375,0.75,-1796,0,0,300,145,35,35,1,2,1
4,3,4,3,1281,7.30036e+06,32.5,-54.9,87.4,-1,375,0.75,-1796,0,0,300,145,35,35,1,2,1
4,3,4,3,1305,7.30037e+06,32.5,-54.9,87.4,-1,375,0.75,-1796,0,0,300,145,35,35,1,2,1
4,3,4,3,1321,7.30039e+06,36.5,-54.9,91.4,-1,375,0.75,-1796,0,0,300,145,35,35,1,2,1
4,3,4,3,1345,7.30041e+06,36.5,-54.9,91.4,-1,375,0.75,-1796,0,0,300,145,35,35,1,2,1
4,3,4,3,1361,7.30043e+06,40.3,-54.9,95.2,-1,375,0.75,-1796,0,0,300,145,35,35,1,2,1
4,3,4,3,1385,7.30044e+06,40.3,-54.9,95.2,-1,375,0.75,-1796,0,0,300,145,35,35,1,2,1
4,3,4,3,1401,7.30046e+06,44,-54.9,98.9,-1,375,0.75,-1796,0,0,300,145,35,35,1,2,1
4,3,4,3,1425,7.30048e+06,44,-54.9,98.9,-1,375,0.75,-1796,0,0,300,145,35,35,1,2,1
4,3,4,3,1441,7.3005e+06,47.8,-54.9,102.7,-1,375,0.75,-1796,0,0,300,145,35,35,1,2,1
4,3,4,3,1465,7.30052e+06,47.8,-54.9,102.7,-1,375,0.75,-1796,0,0,300,145,35,35,1,2,1
4,3,4,3,1481,7.30053e+06,53.4,-54.9,108.3,-1,375,0.75,-1796,0,0,300,145,35,35,1,2,1
4,3,4,3,1513,7.30055e+06,53.4,-54.9,108.3,-1,375,0.75,-1796,0,0,300,145,35,35,1,2,1
4,3,4,3,1529,7.30057e+06,57.1,-54.9,112,-1,375,0.75,-1796,0,0,300,145,35,35,1,2,1
4,3,4,3,1553,7.30059e+06,57.1,-54.9,112,-1,375,0.75,-1796,0,0,300,145,35,35,1,2,1
4,3,4,3,1577,7.30061e+06,57.1,-54.9,112,-1,375,0.75,-1796,0,0,300,145,35,35,1,2,1
4,3,4,3,1593,7.30063e+06,63.7,-54.9,118.6,-1,375,0.75,-1796,0,0,300,145,35,35,1,2,1
4,3,4,3,1617,7.30065e+06,63.7,-54.9,118.6,-1,375,0.75,-1796,0,0,300,145,35,35,1,2,1
4,2,4,2,865,7.31189e+06,-15.1,-50.5,35.4,-1,375,0.75,-1796,0,0,300,145,38,38,0,2,1
4,2,4,2,881,7.31191e+06,-10.4,-50.5,40.1,-1,375,0.75,-1796,0,0,300,145,38,38,0,2,1
4,2,4,2,897,7.31193e+06,-10.4,-50.5,40.1,-1,375,0.75,-1796,0,0,300,145,38,38,0,2,1
4,2,4,2,921,7.31194e+06,-4.7,-50.5,45.8,-1,375,0.75,-1796,0,0,300,145,38,38,0,2,1
4,2,4,2,937,7.31196e+06,-4.7,-50.5,45.8,-1,375,0.75,-1796,0,0,300,145,38,38,0,2,1
4,2,4,2,961,7.31198e+06,3,-50.5,53.5,-1,375,0.75,-1796,0,0,300,145,38,38,0,2,1
4,2,4,2,985,7.312e+06,3,-50.5,53.5,-1,375,0.75,-1796,0,0,300,145,38,38,0,2,1
4,2,4,2,1001,7.31202e+06,8.4,-50.5,58.9,-1,375,0.75,-1796,0,0,300,145,38,38,0,2,1
4,2,4,2,1033,7.31204e+06,8.4,-50.5,58.9,-1,375,0.75,-1796,0,0,300,145,38,38,0,2,1
4,2,4,2,1049,7.31206e+06,13.3,-50.5,63.8,-1,375,0.75,-1796,0,0,300,145,38,38,0,2,1
4,2,4,2,1073,7.31208e+06,13.3,-50.5,63.8,-1,375,0.75,-1796,0,0,300,145,38,38,0,2,1
4,3,4,3,1089,7.3121e+06,18.5,-50.5,69,-1,375,0.75,-1796,0,0,300,145,38,38,1,2,1
4,3,4,3,1113,7.31211e+06,23.4,-50.5,73.9,-1,375,0.75,-1796,0,0,300,145,38,38,1,2,1
4,3,4,3,1129,7.31213e+06,23.4,-50.5,73.9,-1,375,0.75,-1796,0,0,300,145,38,38,1,2,1
4,3,4,3,1161,7.31215e+06,28.1,-50.5,78.6,-1,375,0.75,-1796,0,0,300,145,38,38,1,2,1
4,3,4,3,1177,7.31217e+06,28.1,-50.5,78.6,-1,375,0.75,-1796,0,0,300,145,38,38,1,2,1
4,3,4,3,1201,7.31219e+06,32.8,-50.5,83.3,-1,375,0.75,-1796,0,0,300,145,38,38,1,2,1
4,3,4,3,1217,7.31221e+06,32.8,-50.5,83.3,-1,375,0.75,-1796,0,0,300,145,38,38,1,2,1
4,3,4,3,1241,7.31222e+06,37.5,-50.5,88,-1,375,0.75,-1796,0,0,300,145,38,38,1,2,1
4,3,4,3,1257,7.31224e+06,37.5,-50.5,88,-1,375,0.75,-1796,0,0,300,145,38,38,1,2,1
4,3,4,3,1281,7.31226e+06,42.1,-50.5,92.6,-1,375,0.75,-1796,0,0,300,145,38,38,1,2,1
4,3,4,3,1305,7.31228e+06,42.1,-50.5,92.6,-1,375,0.75,-1796,0,0,300,145,38,38,1,2,1
4,3,4,3,1321,7.3123e+06,48.7,-50.5,99.2,-1,375,0.75,-1796,0,0,300,145,38,38,1,2,1
4,3,4,3,1345,7.31232e+06,48.7,-50.5,99.2,-1,375,0.75,-1796,0,0,300,145,38,38,1,2,1
4,3,4,3,1369,7.31234e+06,52.7,-50.5,103.2,-1,375,0.75,-1796,0,0,300,145,38,38,1,2,1
4,3,4,3,1385,7.31236e+06,52.7,-50.5,103.2,-1,375,0.75,-1796,0,0,300,145,38,38,1,2,1
4,3,4,3,1409,7.31237e+06,57.1,-50.5,107.6,-1,375,0.75,-1796,0,0,300,145,38,38,1,2,1
4,3,4,3,1433,7.31239e+06,57.1,-50.5,107.6,-1,375,0.75,-1796,0,0,300,145,38,38,1,2,1
4,3,4,3,1449,7.31241e+06,61.4,-50.5,111.9,-1,375,0.75,-1796,0,0,300,145,38,38,1,2,1
4,3,4,3,1473,7.31243e+06,61.4,-50.5,111.9,-1,375,0.75,-1796,0,0,300,145,38,38,1,2,1
4,2,4,2,680,7.325e+06,-24,-39.9,15.9,-1,375,0.75,-1796,0,0,300,145,41,41,0,2,1
4,2,4,2,696,7.32502e+06,-24,-39.9,15.9,-1,375,0.75,-1796,0,0,300,145,41,41,0,2,1
4,2,4,2,720,7.32504e+06,-20.4,-39.9,19.5,-1,375,0.75,-1796,0,0,300,145,41,41,0,2,1
4,2,4,2,736,7.32506e+06,-20.4,-39.9,19.5,-1,375,0.75,-1796,0,0,300,145,41,41,0,2,1
4,2,4,2,760,7.32508e+06,-16,-39.9,23.9,-1,375,0.75,-1796,0,0,300,145,41,41,0,2,1
4,2,4,2,784,7.32509e+06,-16,-39.9,23.9,-1,375,0.75,-1796,0,0,300,145,41,41,0,2,1
4,2,4,2,800,7.32511e+06,-9.4,-39.9,30.5,-1,375,0.75,-1796,0,0,300,145,41,41,0,2,1
5,0,5.92339e-39,5.87747e-39,824,7.32513e+06,-9.4,-39.9,30.5,-1,375,0.75,-1796,0,0,300,145,41,41,0,2,1
6,2,4,2,848,7.32515e+06,-4.5,-39.9,35.4,-1,375,0.75,-1796,0,0,300,145,41,41,0,2,1
6,2,4,2,864,7.32517e+06,-4.5,-39.9,35.4,-1,375,0.75,-1796,0,0,300,145,41,41,0,2,1
6,2,4,2,888,7.32519e+06,0.9,-39.9,40.8,-1,375,0.75,-1796,0,0,300,145,41,41,0,2,1
6,2,4,2,912,7.32521e+06,0.9,-39.9,40.8,-1,375,0.75,-1796,0,0,300,145,41,41,0,2,1
6,2,4,2,928,7.32522e+06,6.5,-39.9,46.4,-1,375,0.75,-1796,0,0,300,145,41,41,0,2,1
6,2,4,2,952,7.32524e+06,12.1,-39.9,52,-1,375,0.75,-1796,0,0,300,145,41,41,0,2,1
6,2,4,2,976,7.32526e+06,12.1,-39.9,52,-1,375,0.75,-1796,0,0,300,145,41,41,0,2,1
6,2,4,2,1000,7.32528e+06,17.8,-39.9,57.7,-1,375,0.75,-1796,0,0,300,145,41,41,0,2,1
6,2,4,2,1024,7.3253e+06,17.8,-39.9,57.7,-1,375,0.75,-1796,0,0,300,145,41,41,0,2,1
6,2,4,2,1056,7.32533e+06,23.1,-39.9,63,-1,375,0.75,-1796,0,0,300,145,41,41,0,2,1
6,2,4,2,1096,7.32536e+06,28.3,-39.9,68.2,-1,375,0.75,-1796,0,0,300,145,41,41,0,2,1
6,3,4,3,1120,7.32539e+06,33.7,-39.9,73.6,-1,375,0.75,-1796,0,0,300,145,41,41,1,2,1
6,3,4,3,1152,7.32542e+06,39.3,-39.9,79.2,-1,375,0.75,-1796,0,0,300,145,41,41,1,2,1
6,3,4,3,1184,7.32544e+06,39.3,-39.9,79.2,-1,375,0.75,-1796,0,0,300,145,41,41,1,2,1
6,3,4,3,1208,7.32547e+06,46.8,-39.9,86.7,-1,375,0.75,-1796,0,0,300,145,41,41,1,2,1
6,3,4,3,1232,7.32549e+06,46.8,-39.9,86.7,-1,375,0.75,-1796,0,0,300,145,41,41,1,2,1
6,3,4,3,1256,7.32551e+06,54.1,-39.9,94,-1,375,0.75,-1796,0,0,300,145,41,41,1,2,1
6,3,4,3,1280,7.32553e+06,54.1,-39.9,94,-1,375,0.75,-1796,0,0,300,145,41,41,1,2,1
6,3,4,3,1304,7.32555e+06,59,-39.9,98.9,-1,375,0.75,-1796,0,0,300,145,41,41,1,2,1
6,3,4,3,1320,7.32557e+06,59,-39.9,98.9,-1,375,0.75,-1796,0,0,300,145,41,41,1,2,1
6,3,4,3,1344,7.32559e+06,63.7,-39.9,103.6,-1,375,0.75,-1796,0,0,300,145,41,41,1,2,1
6,3,4,3,1360,7.32561e+06,63.7,-39.9,103.6,-1,375,0.75,-1796,0,0,300,145,41,41,1,2,1
6,2,4,2,872,7.33566e+06,-18.8,-54,35.2,-1,375,0.75,-1796,0,0,300,145,44,44,0,2,1
6,2,4,2,896,7.33568e+06,-13.2,-54,40.8,-1,375,0.75,-1796,0,0,300,145,44,44,0,2,1
6,2,4,2,912,7.33569e+06,-13.2,-54,40.8,-1,375,0.75,-1796,0,0,300,145,44,44,0,2,1
6,2,4,2,936,7.33571e+06,-8,-54,46,-1,375,0.75,-1796,0,0,300,145,44,44,0,2,1
6,2,4,2,960,7.33573e+06,-8,-54,46,-1,375,0.75,-1796,0,0,300,145,44,44,0,2,1
6,2,4,2,976,7.33575e+06,-2.4,-54,51.6,-1,375,0.75,-1796,0,0,300,145,44,44,0,2,1
6,2,4,2,1000,7.33577e+06,-2.4,-54,51.6,-1,375,0.75,-1796,0,0,300,145,44,44,0,2,1
6,2,4,2,1016,7.33579e+06,3.2,-54,57.2,-1,375,0.75,-1796,0,0,300,145,44,44,0,2,1
6,2,4,2,1040,7.33581e+06,3.2,-54,57.2,-1,375,0.75,-1796,0,0,300,145,44,44,0,2,1
6,2,4,2,1056,7.33582e+06,8.6,-54,62.6,-1,375,0.75,-1796,0,0,300,145,44,44,0,2,1
6,2,4,2,1080,7.33584e+06,14,-54,68,-1,375,0.75,-1796,0,0,300,145,44,44,0,2,1
6,2,4,2,1104,7.33586e+06,14,-54,68,-1,375,0.75,-1796,0,0,300,145,44,44,0,2,1
6,2,4,2,1120,7.33588e+06,19.6,-54,73.6,-1,375,0.75,-1796,0,0,300,145,44,44,0,2,1
6,3,4,3,1144,7.3359e+06,19.6,-54,73.6,-1,375,0.75,-1796,0,0,300,145,44,44,1,2,1
6,3,4,3,1160,7.33591e+06,24.8,-54,78.8,-1,375,0.75,-1796,0,0,300,145,44,44,1,2,1
6,3,4,3,1184,7.33593e+06,24.8,-54,78.8,-1,375,0.75,-1796,0,0,300,145,44,44,1,2,1
6,3,4,3,1200,7.33595e+06,30,-54,84,-1,375,0.75,-1796,0,0,300,145,44,44,1,2,1
6,3,4,3,1224,7.33597e+06,30,-54,84,-1,375,0.75,-1796,0,0,300,145,44,44,1,2,1
6,3,4,3,1248,7.33599e+06,35.1,-54,89.1,-1,375,0.75,-1796,0,0,300,145,44,44,1,2,1
6,3,4,3,1264,7.336e+06,35.1,-54,89.1,-1,375,0.75,-1796,0,0,300,145,44,44,1,2,1
6,3,4,3,1288,7.33602e+06,40,-54,94,-1,375,0.75,-1796,0,0,300,145,44,44,1,2,1
6,3,4,3,1304,7.33604e+06,40,-54,94,-1,375,0.75,-1796,0,0,300,145,44,44,1,2,1
6,3,4,3,1328,7.33606e+06,47.3,-54,101.3,-1,375,0.75,-1796,0,0,300,145,44,44,1,2,1
6,3,4,3,1352,7.33608e+06,47.3,-54,101.3,-1,375,0.75,-1796,0,0,300,145,44,44,1,2,1
6,3,4,3,1376,7.3361e+06,52,-54,106,-1,375,0.75,-1796,0,0,300,145,44,44,1,2,1
6,3,4,3,1392,7.33612e+06,52,-54,106,-1,375,0.75,-1796,0,0,300,145,44,44,1,2,1
6,3,4,3,1416,7.33614e+06,56.7,-54,110.7,-1,375,0.75,-1796,0,0,300,145,44,44,1,2,1
6,3,4,3,1432,7.33616e+06,56.7,-54,110.7,-1,375,0.75,-1796,0,0,300,145,44,44,1,2,1
6,3,4,3,1456,7.33617e+06,61.4,-54,115.4,-1,375,0.75,-1796,0,0,300,145,44,44,1,2,1
6,3,4,3,1480,7.33619e+06,61.4,-54,115.4,-1,375,0.75,-1796,0,0,300,145,44,44,1,2,1
6,1,4,1,584,7.34693e+06,-21.6,-29.6,8,-1,375,0.75,-1796,-1796,-1796,300,145,46,46,0,2,1
6,1,4,1,608,7.34695e+06,-21.6,-29.6,8,-1,375,0.75,-1796,-1796,-1796,300,145,46,46,0,2,1
6,1,4,1,632,7.34697e+06,-17.9,-29.6,11.7,-1,375,0.75,-1796,-1796,-1796,300,145,46,46,0,2,1
6,1,4,1,648,7.34698e+06,-17.9,-29.6,11.7,-1,375,0.75,-1796,-1796,-1796,300,145,46,46,0,2,1
6,2,4,2,672,7.347e+06,-17.9,-29.6,11.7,-1,375,0.75,-1796,0,0,300,145,47,47,0,2,1
6,2,4,2,688,7.34702e+06,-13.2,-29.6,16.4,-1,375,0.75,-1796,0,0,300,145,47,47,0,2,1
6,2,4,2,712,7.34704e+06,-13.2,-29.6,16.4,-1,375,0.75,-1796,0,0,300,145,47,47,0,2,1
6,2,4,2,736,7.34706e+06,-7.5,-29.6,22.1,-1,375,0.75,-1796,0,0,300,145,47,47,0,2,1
6,2,4,2,752,7.34708e+06,-7.5,-29.6,22.1,-1,375,0.75,-1796,0,0,300,145,47,47,0,2,1
6,2,4,2,776,7.34709e+06,-3.6,-29.6,26,-1,375,0.75,-1796,0,0,300,145,47,47,0,2,1
6,2,4,2,800,7.34711e+06,-3.6,-29.6,26,-1,375,0.75,-1796,0,0,300,145,47,47,0,2,1
6,2,4,2,824,7.34713e+06,1.4,-29.6,31,-1,375,0.75,-1796,0,0,300,145,47,47,0,2,1
6,2,4,2,840,7.34715e+06,1.4,-29.6,31,-1,375,0.75,-1796,0,0,300,145,47,47,0,2,1
6,2,4,2,864,7.34717e+06,6.5,-29.6,36.1,-1,375,0.75,-1796,0,0,300,145,47,47,0,2,1
6,2,4,2,880,7.34719e+06,6.5,-29.6,36.1,-1,375,0.75,-1796,0,0,300,145,47,47,0,2,1
6,2,4,2,904,7.34721e+06,14.9,-29.6,44.5,-1,375,0.75,-1796,0,0,300,145,47,47,0,2,1
6,2,4,2,920,7.34722e+06,14.9,-29.6,44.5,-1,375,0.75,-1796,0,0,300,145,47,47,0,2,1
6,2,4,2,944,7.34724e+06,21.3,-29.6,50.9,-1,375,0.75,-1796,0,0,300,145,47,47,0,2,1
6,2,4,2,968,7.34726e+06,21.3,-29.6,50.9,-1,375,0.75,-1796,0,0,300,145,47,47,0,2,1
6,2,4,2,984,7.34728e+06,27.4,-29.6,57,-1,375,0.75,-1796,0,0,300,145,47,47,0,2,1
6,2,4,2,1008,7.3473e+06,27.4,-29.6,57,-1,375,0.75,-1796,0,0,300,145,47,47,0,2,1
6,2,4,2,1024,7.34732e+06,33.7,-29.6,63.3,-1,375,0.75,-1796,0,0,300,145,47,47,0,2,1
6,2,4,2,1048,7.34734e+06,33.7,-29.6,63.3,-1,375,0.75,-1796,0,0,300,145,47,47,0,2,1
6,2,4,2,1064,7.34735e+06,40.3,-29.6,69.9,-1,375,0.75,-1796,0,0,300,145,47,47,0,2,1
6,2,4,2,1088,7.34737e+06,40.3,-29.6,69.9,-1,375,0.75,-1796,0,0,300,145,47,47,0,2,1
6,2,4,2,1112,7.34739e+06,46.1,-29.6,75.7,-1,375,0.75,-1796,0,0,300,145,47,47,0,2,1
6,2,4,2,1128,7.34741e+06,52,-29.6,81.6,-1,375,0.75,-1796,0,0,300,145,47,47,0,2,1
6,2,4,2,1152,7.34743e+06,52,-29.6,81.6,-1,375,0.75,-1796,0,0,300,145,47,47,0,2,1
6,2,4,2,1176,7.34744e+06,58.1,-29.6,87.7,-1,375,0.75,-1796,0,0,300,145,47,47,0,2,1
6,3,4,3,1192,7.34746e+06,58.1,-29.6,87.7,-1,375,0.75,-1796,0,0,300,145,47,47,1,2,1
6,3,4,3,1216,7.34748e+06,64.2,-29.6,93.8,-1,375,0.75,-1796,0,0,300,145,47,47,1,2,1
6,3,4,3,1232,7.3475e+06,64.2,-29.6,93.8,-1,375,0.75,-1796,0,0,300,145,47,47,1,2,1
6,2,4,2,873,7.35793e+06,-15.1,-50.2,35.1,-1,375,0.75,-1796,0,0,300,145,50,50,0,2,1
6,2,4,2,897,7.35795e+06,-15.1,-50.2,35.1,-1,375,0.75,-1796,0,0,300,145,50,50,0,2,1
6,2,4,2,913,7.35797e+06,-9.9,-50.2,40.3,-1,375,0.75,-1796,0,0,300,145,50,50,0,2,1
6,2,4,2,937,7.35799e+06,-9.9,-50.2,40.3,-1,375,0.75,-1796,0,0,300,145,50,50,0,2,1
6,2,4,2,953,7.358e+06,-1.9,-50.2,48.3,-1,375,0.75,-1796,0,0,300,145,50,50,0,2,1
6,2,4,2,977,7.35802e+06,-1.9,-50.2,48.3,-1,375,0.75,-1796,0,0,300,145,50,50,0,2,1
6,2,4,2,1001,7.35804e+06,3.5,-50.2,53.7,-1,375,0.75,-1796,0,0,300,145,50,50,0,2,1
6,2,4,2,1025,7.35806e+06,3.5,-50.2,53.7,-1,375,0.75,-1796,0,0,300,145,50,50,0,2,1
6,2,4,2,1041,7.35808e+06,8.6,-50.2,58.8,-1,375,0.75,-1796,0,0,300,145,50,50,0,2,1
6,2,4,2,1065,7.3581e+06,8.6,-50.2,58.8,-1,375,0.75,-1796,0,0,300,145,50,50,0,2,1
6,2,4,2,1081,7.35812e+06,14,-50.2,64.2,-1,375,0.75,-1796,0,0,300,145,50,50,0,2,1
6,2,4,2,1105,7.35813e+06,14,-50.2,64.2,-1,375,0.75,-1796,0,0,300,145,50,50,0,2,1
6,3,4,3,1121,7.35815e+06,19.2,-50.2,69.4,-1,375,0.75,-1796,0,0,300,145,50,50,1,2,1
6,3,4,3,1145,7.35817e+06,19.2,-50.2,69.4,-1,375,0.75,-1796,0,0,300,145,50,50,1,2,1
6,3,4,3,1161,7.35819e+06,24.3,-50.2,74.5,-1,375,0.75,-1796,0,0,300,145,50,50,1,2,1
6,3,4,3,1185,7.3582e+06,29,-50.2,79.2,-1,375,0.75,-1796,0,0,300,145,50,50,1,2,1
6,3,4,3,1209,7.35822e+06,29,-50.2,79.2,-1,375,0.75,-1796,0,0,300,145,50,50,1,2,1
6,3,4,3,1233,7.35824e+06,33.7,-50.2,83.9,-1,375,0.75,-1796,0,0,300,145,50,50,1,2,1
6,3,4,3,1249,7.35826e+06,33.7,-50.2,83.9,-1,375,0.75,-1796,0,0,300,145,50,50,1,2,1
6,3,4,3,1273,7.35828e+06,38.6,-50.2,88.8,-1,375,0.75,-1796,0,0,300,145,50,50,1,2,1
6,3,4,3,1297,7.3583e+06,38.6,-50.2,88.8,-1,375,0.75,-1796,0,0,300,145,50,50,1,2,1
6,3,4,3,1313,7.35832e+06,43.1,-50.2,93.3,-1,375,0.75,-1796,0,0,300,145,50,50,1,2,1
6,3,4,3,1337,7.35834e+06,47.8,-50.2,98,-1,375,0.75,-1796,0,0,300,145,50,50,1,2,1
6,3,4,3,1353,7.35836e+06,47.8,-50.2,98,-1,375,0.75,-1796,0,0,300,145,50,50,1,2,1
6,3,4,3,1385,7.35838e+06,52.2,-50.2,102.4,-1,375,0.75,-1796,0,0,300,145,50,50,1,2,1
6,3,4,3,1401,7.3584e+06,52.2,-50.2,102.4,-1,375,0.75,-1796,0,0,300,145,50,50,1,2,1
6,3,4,3,1425,7.35842e+06,56.4,-50.2,106.6,-1,375,0.75,-1796,0,0,300,145,50,50,1,2,1
6,3,4,3,1441,7.35844e+06,56.4,-50.2,106.6,-1,375,0.75,-1796,0,0,300,145,50,50,1,2,1
6,3,4,3,1465,7.35845e+06,60.9,-50.2,111.1,-1,375,0.75,-1796,0,0,300,145,50,50,1,2,1
6,3,4,3,1489,7.35847e+06,60.9,-50.2,111.1,-1,375,0.75,-1796,0,0,300,145,50,50,1,2,1
6,1,4,1,640,7.37048e+06,-25.6,-36.2,10.6,-1,375,0.75,-1796,-1796,-1796,300,145,52,52,0,2,1
6,1,4,1,664,7.3705e+06,-25.6,-36.2,10.6,-1,375,0.75,-1796,-1796,-1796,300,145,52,52,0,2,1
6,2,4,2,680,7.37052e+06,-20.9,-36.2,15.3,-1,375,0.75,-1796,0,0,300,145,53,53,0,2,1
6,2,4,2,704,7.37053e+06,-20.9,-36.2,15.3,-1,375,0.75,-1796,0,0,300,145,53,53,0,2,1
6,2,4,2,720,7.37055e+06,-17.2,-36.2,19,-1,375,0.75,-1796,0,0,300,145,53,53,0,2,1
6,2,4,2,744,7.37057e+06,-17.2,-36.2,19,-1,375,0.75,-1796,0,0,300,145,53,53,0,2,1
6,2,4,2,760,7.37059e+06,-10.6,-36.2,25.6,-1,375,0.75,-1796,0,0,300,145,53,53,0,2,1
6,2,4,2,784,7.37061e+06,-10.6,-36.2,25.6,-1,375,0.75,-1796,0,0,300,145,53,53,0,2,1
6,2,4,2,808,7.37062e+06,-6.1,-36.2,30.1,-1,375,0.75,-1796,0,0,300,145,53,53,0,2,1
6,2,4,2,832,7.37064e+06,-6.1,-36.2,30.1,-1,375,0.75,-1796,0,0,300,145,53,53,0,2,1
6,2,4,2,856,7.37067e+06,-1,-36.2,35.2,-1,375,0.75,-1796,0,0,300,145,53,53,0,2,1
6,2,4,2,872,7.37068e+06,-1,-36.2,35.2,-1,375,0.75,-1796,0,0,300,145,53,53,0,2,1
6,2,4,2,896,7.3707e+06,7.4,-36.2,43.6,-1,375,0.75,-1796,0,0,300,145,53,53,0,2,1
6,2,4,2,912,7.37072e+06,7.4,-36.2,43.6,-1,375,0.75,-1796,0,0,300,145,53,53,0,2,1
6,2,4,2,944,7.37074e+06,14,-36.2,50.2,-1,375,0.75,-1796,0,0,300,145,53,53,0,2,1
6,2,4,2,960,7.37076e+06,14,-36.2,50.2,-1,375,0.75,-1796,0,0,300,145,53,53,0,2,1
6,2,4,2,984,7.37078e+06,20.1,-36.2,56.3,-1,375,0.75,-1796,0,0,300,145,53,53,0,2,1
6,2,4,2,1000,7.3708e+06,20.1,-36.2,56.3,-1,375,0.75,-1796,0,0,300,145,53,53,0,2,1
6,2,4,2,1024,7.37082e+06,26.4,-36.2,62.6,-1,375,0.75,-1796,0,0,300,145,53,53,0,2,1
6,2,4,2,1040,7.37083e+06,26.4,-36.2,62.6,-1,375,0.75,-1796,0,0,300,145,53,53,0,2,1
6,2,4,2,1064,7.37085e+06,32.8,-36.2,69,-1,375,0.75,-1796,0,0,300,145,53,53,0,2,1
6,2,4,2,1088,7.37087e+06,39.3,-36.2,75.5,-1,375,0.75,-1796,0,0,300,145,53,53,0,2,1
6,2,4,2,1104,7.37089e+06,39.3,-36.2,75.5,-1,375,0.75,-1796,0,0,300,145,53,53,0,2,1
6,2,4,2,1128,7.37091e+06,45.2,-36.2,81.4,-1,375,0.75,-1796,0,0,300,145,53,53,0,2,1
6,2,4,2,1152,7.37093e+06,45.2,-36.2,81.4,-1,375,0.75,-1796,0,0,300,145,53,53,0,2,1
6,2,4,2,1168,7.37095e+06,51.5,-36.2,87.7,-1,375,0.75,-1796,0,0,300,145,53,53,0,2,1
6,3,4,3,1192,7.37096e+06,51.5,-36.2,87.7,-1,375,0.75,-1796,0,0,300,145,53,53,1,2,1
6,3,4,3,1208,7.37098e+06,57.6,-36.2,93.8,-1,375,0.75,-1796,0,0,300,145,53,53,1,2,1
6,3,4,3,1232,7.371e+06,57.6,-36.2,93.8,-1,375,0.75,-1796,0,0,300,145,53,53,1,2,1
6,3,4,3,1248,7.37102e+06,63.5,-36.2,99.7,-1,375,0.75,-1796,0,0,300,145,53,53,1,2,1
6,2,4,2,800,7.39731e+06,-25.6,-50.7,25.1,-1,375,0.75,-1796,0,0,300,145,56,56,0,2,1
6,2,4,2,824,7.39733e+06,-21.6,-50.7,29.1,-1,375,0.75,-1796,0,0,300,145,56,56,0,2,1
6,2,4,2,840,7.39735e+06,-21.6,-50.7,29.1,-1,375,0.75,-1796,0,0,300,145,56,56,0,2,1
6,2,4,2,864,7.39736e+06,-16.2,-50.7,34.5,-1,375,0.75,-1796,0,0,300,145,56,56,0,2,1
6,2,4,2,888,7.39738e+06,-11.1,-50.7,39.6,-1,375,0.75,-1796,0,0,300,145,56,56,0,2,1
6,2,4,2,904,7.3974e+06,-11.1,-50.7,39.6,-1,375,0.75,-1796,0,0,300,145,56,56,0,2,1
6,2,4,2,928,7.39742e+06,-5.7,-50.7,45,-1,375,0.75,-1796,0,0,300,145,56,56,0,2,1
6,2,4,2,952,7.39744e+06,-5.7,-50.7,45,-1,375,0.75,-1796,0,0,300,145,56,56,0,2,1
6,2,4,2,968,7.39746e+06,0,-50.7,50.7,-1,375,0.75,-1796,0,0,300,145,56,56,0,2,1
6,2,4,2,992,7.39748e+06,0,-50.7,50.7,-1,375,0.75,-1796,0,0,300,145,56,56,0,2,1
6,2,4,2,1008,7.39749e+06,6.3,-50.7,57,-1,375,0.75,-1796,0,0,300,145,56,56,0,2,1
6,2,4,2,1032,7.39751e+06,6.3,-50.7,57,-1,375,0.75,-1796,0,0,300,145,56,56,0,2,1
6,2,4,2,1048,7.39753e+06,12.1,-50.7,62.8,-1,375,0.75,-1796,0,0,300,145,56,56,0,2,1
6,2,4,2,1072,7.39755e+06,12.1,-50.7,62.8,-1,375,0.75,-1796,0,0,300,145,56,56,0,2,1
6,2,4,2,1096,7.39757e+06,20.6,-50.7,71.3,-1,375,0.75,-1796,0,0,300,145,56,56,0,2,1
6,2,4,2,1112,7.39758e+06,20.6,-50.7,71.3,-1,375,0.75,-1796,0,0,300,145,56,56,0,2,1
6,2,4,2,1136,7.3976e+06,26.2,-50.7,76.9,-1,375,0.75,-1796,0,0,300,145,56,56,0,2,1
6,2,4,2,1160,7.39762e+06,26.2,-50.7,76.9,-1,375,0.75,-1796,0,0,300,145,56,56,0,2,1
6,2,4,2,1176,7.39764e+06,31.8,-50.7,82.5,-1,375,0.75,-1796,0,0,300,145,56,56,0,2,1
6,3,4,3,1200,7.39766e+06,31.8,-50.7,82.5,-1,375,0.75,-1796,0,0,300,145,56,56,1,2,1
6,3,4,3,1216,7.39768e+06,37.5,-50.7,88.2,-1,375,0.75,-1796,0,0,300,145,56,56,1,2,1
6,3,4,3,1240,7.3977e+06,37.5,-50.7,88.2,-1,375,0.75,-1796,0,0,300,145,56,56,1,2,1
6,3,4,3,1256,7.39771e+06,42.4,-50.7,93.1,-1,375,0.75,-1796,0,0,300,145,56,56,1,2,1
6,3,4,3,1280,7.39773e+06,42.4,-50.7,93.1,-1,375,0.75,-1796,0,0,300,145,56,56,1,2,1
6,3,4,3,1296,7.39775e+06,47.8,-50.7,98.5,-1,375,0.75,-1796,0,0,300,145,56,56,1,2,1
6,3,4,3,1312,7.39776e+06,47.8,-50.7,98.5,-1,375,0.75,-1796,0,0,300,145,56,56,1,2,1
6,3,4,3,1336,7.39778e+06,55.5,-50.7,106.2,-1,375,0.75,-1796,0,0,300,145,56,56,1,2,1
6,3,4,3,1360,7.3978e+06,55.5,-50.7,106.2,-1,375,0.75,-1796,0,0,300,145,56,56,1,2,1
6,3,4,3,1376,7.39782e+06,60.4,-50.7,111.1,-1,375,0.75,-1796,0,0,300,145,56,56,1,2,1
6,3,4,3,1400,7.39784e+06,60.4,-50.7,111.1,-1,375,0.75,-1796,0,0,300,145,56,56,1,2,1
6,2,4,2,785,7.41814e+06,-23.5,-49,25.5,-1,375,0.75,-1796,0,0,300,145,59,59,0,2,1
6,2,4,2,801,7.41816e+06,-18.8,-49,30.2,-1,375,0.75,-1796,0,0,300,145,59,59,0,2,1
6,2,4,2,825,7.41818e+06,-18.8,-49,30.2,-1,375,0.75,-1796,0,0,300,145,59,59,0,2,1
6,2,4,2,841,7.4182e+06,-11.3,-49,37.7,-1,375,0.75,-1796,0,0,300,145,59,59,0,2,1
6,2,4,2,865,7.41821e+06,-11.3,-49,37.7,-1,375,0.75,-1796,0,0,300,145,59,59,0,2,1
6,2,4,2,889,7.41823e+06,-5.9,-49,43.1,-1,375,0.75,-1796,0,0,300,145,59,59,0,2,1
6,2,4,2,913,7.41826e+06,-5.9,-49,43.1,-1,375,0.75,-1796,0,0,300,145,59,59,0,2,1
6,2,4,2,929,7.41827e+06,-0.1,-49,48.9,-1,375,0.75,-1796,0,0,300,145,59,59,0,2,1
6,2,4,2,953,7.41829e+06,-0.1,-49,48.9,-1,375,0.75,-1796,0,0,300,145,59,59,0,2,1
6,2,4,2,969,7.41831e+06,5.6,-49,54.6,-1,375,0.75,-1796,0,0,300,145,59,59,0,2,1
6,2,4,2,993,7.41833e+06,5.6,-49,54.6,-1,375,0.75,-1796,0,0,300,145,59,59,0,2,1
6,2,4,2,1009,7.41834e+06,11.7,-49,60.7,-1,375,0.75,-1796,0,0,300,145,59,59,0,2,1
6,2,4,2,1025,7.41836e+06,11.7,-49,60.7,-1,375,0.75,-1796,0,0,300,145,59,59,0,2,1
6,2,4,2,1049,7.41838e+06,17.8,-49,66.8,-1,375,0.75,-1796,0,0,300,145,59,59,0,2,1
6,2,4,2,1073,7.4184e+06,23.4,-49,72.4,-1,375,0.75,-1796,0,0,300,145,59,59,0,2,1
6,2,4,2,1089,7.41841e+06,23.4,-49,72.4,-1,375,0.75,-1796,0,0,300,145,59,59,0,2,1
6,2,4,2,1121,7.41843e+06,29.5,-49,78.5,-1,375,0.75,-1796,0,0,300,145,59,59,0,2,1
6,2,4,2,1137,7.41845e+06,29.5,-49,78.5,-1,375,0.75,-1796,0,0,300,145,59,59,0,2,1
6,3,4,3,1161,7.41847e+06,35.1,-49,84.1,-1,375,0.75,-1796,0,0,300,145,59,59,1,2,1
6,3,4,3,1177,7.41849e+06,35.1,-49,84.1,-1,375,0.75,-1796,0,0,300,145,59,59,1,2,1
6,3,4,3,1201,7.41851e+06,40.7,-49,89.7,-1,375,0.75,-1796,0,0,300,145,59,59,1,2,1
6,3,4,3,1217,7.41853e+06,40.7,-49,89.7,-1,375,0.75,-1796,0,0,300,145,59,59,1,2,1
6,3,4,3,1241,7.41854e+06,46.1,-49,95.1,-1,375,0.75,-1796,0,0,300,145,59,59,1,2,1
6,3,4,3,1257,7.41856e+06,46.1,-49,95.1,-1,375,0.75,-1796,0,0,300,145,59,59,1,2,1
6,3,4,3,1281,7.41858e+06,53.9,-49,102.9,-1,375,0.75,-1796,0,0,300,145,59,59,1,2,1
6,3,4,3,1297,7.4186e+06,53.9,-49,102.9,-1,375,0.75,-1796,0,0,300,145,59,59,1,2,1
6,3,4,3,1321,7.41861e+06,59.5,-49,108.5,-1,375,0.75,-1796,0,0,300,145,59,59,1,2,1
6,3,4,3,1337,7.41863e+06,59.5,-49,108.5,-1,375,0.75,-1796,0,0,300,145,59,59,1,2,1
6,3,4,3,1361,7.41865e+06,64.6,-49,113.6,-1,375,0.75,-1796,0,0,300,145,59,59,1,2,1
6,3,4,3,1385,7.41867e+06,64.6,-49,113.6,-1,375,0.75,-1796,0,0,300,145,59,59,1,2,1
6,2,4,2,681,7.43223e+06,-12.2,-29.8,17.6,-1,375,0.75,-1796,0,0,300,145,62,62,0,2,1
6,2,4,2,705,7.43225e+06,-12.2,-29.8,17.6,-1,375,0.75,-1796,0,0,300,145,62,62,0,2,1
6,2,4,2,729,7.43227e+06,-8.5,-29.8,21.3,-1,375,0.75,-1796,0,0,300,145,62,62,0,2,1
6,2,4,2,745,7.43228e+06,-8.5,-29.8,21.3,-1,375,0.75,-1796,0,0,300,145,62,62,0,2,1
6,2,4,2,769,7.4323e+06,-4.5,-29.8,25.3,-1,375,0.75,-1796,0,0,300,145,62,62,0,2,1
6,2,4,2,785,7.43232e+06,-4.5,-29.8,25.3,-1,375,0.75,-1796,0,0,300,145,62,62,0,2,1
6,2,4,2,809,7.43234e+06,-0.1,-29.8,29.7,-1,375,0.75,-1796,0,0,300,145,62,62,0,2,1
6,2,4,2,825,7.43236e+06,-0.1,-29.8,29.7,-1,375,0.75,-1796,0,0,300,145,62,62,0,2,1
6,2,4,2,841,7.43237e+06,5.3,-29.8,35.1,-1,375,0.75,-1796,0,0,300,145,62,62,0,2,1
6,2,4,2,865,7.43239e+06,5.3,-29.8,35.1,-1,375,0.75,-1796,0,0,300,145,62,62,0,2,1
6,2,4,2,881,7.43241e+06,10.3,-29.8,40.1,-1,375,0.75,-1796,0,0,300,145,62,62,0,2,1
6,2,4,2,905,7.43242e+06,10.3,-29.8,40.1,-1,375,0.75,-1796,0,0,300,145,62,62,0,2,1
6,2,4,2,921,7.43244e+06,18.2,-29.8,48,-1,375,0.75,-1796,0,0,300,145,62,62,0,2,1
6,2,4,2,945,7.43246e+06,18.2,-29.8,48,-1,375,0.75,-1796,0,0,300,145,62,62,0,2,1
6,2,4,2,961,7.43248e+06,23.4,-29.8,53.2,-1,375,0.75,-1796,0,0,300,145,62,62,0,2,1
6,2,4,2,985,7.4325e+06,23.4,-29.8,53.2,-1,375,0.75,-1796,0,0,300,145,62,62,0,2,1
6,2,4,2,1001,7.43251e+06,29,-29.8,58.8,-1,375,0.75,-1796,0,0,300,145,62,62,0,2,1
6,2,4,2,1025,7.43253e+06,29,-29.8,58.8,-1,375,0.75,-1796,0,0,300,145,62,62,0,2,1
6,2,4,2,1041,7.43255e+06,33.7,-29.8,63.5,-1,375,0.75,-1796,0,0,300,145,62,62,0,2,1
6,2,4,2,1065,7.43257e+06,33.7,-29.8,63.5,-1,375,0.75,-1796,0,0,300,145,62,62,0,2,1
6,3,4,3,1089,7.43259e+06,39.1,-29.8,68.9,-1,375,0.75,-1796,0,0,300,145,62,62,1,2,1
6,3,4,3,1105,7.4326e+06,39.1,-29.8,68.9,-1,375,0.75,-1796,0,0,300,145,62,62,1,2,1
6,3,4,3,1129,7.43262e+06,43.8,-29.8,73.6,-1,375,0.75,-1796,0,0,300,145,62,62,1,2,1
6,3,4,3,1145,7.43264e+06,43.8,-29.8,73.6,-1,375,0.75,-1796,0,0,300,145,62,62,1,2,1
6,3,4,3,1169,7.43266e+06,48.7,-29.8,78.5,-1,375,0.75,-1796,0,0,300,145,62,62,1,2,1
6,3,4,3,1185,7.43268e+06,48.7,-29.8,78.5,-1,375,0.75,-1796,0,0,300,145,62,62,1,2,1
6,3,4,3,1209,7.4327e+06,56,-29.8,85.8,-1,375,0.75,-1796,0,0,300,145,62,62,1,2,1
6,3,4,3,1241,7.43272e+06,56,-29.8,85.8,-1,375,0.75,-1796,0,0,300,145,62,62,1,2,1
6,3,4,3,1281,7.43275e+06,62.8,-29.8,92.6,-1,375,0.75,-1796,0,0,300,145,62,62,1,2,1
6,3,4,3,1321,7.43278e+06,62.8,-29.8,92.6,-1,375,0.75,-1796,0,0,300,145,62,62,1,2,1
6,2,4,2,720,7.45155e+06,-18.8,-35.5,16.7,-1,375,0.75,-1796,0,0,300,145,65,65,0,2,1
6,2,4,2,736,7.45157e+06,-15.1,-35.5,20.4,-1,375,0.75,-1796,0,0,300,145,65,65,0,2,1
6,2,4,2,760,7.45158e+06,-15.1,-35.5,20.4,-1,375,0.75,-1796,0,0,300,145,65,65,0,2,1
6,2,4,2,776,7.4516e+06,-11.3,-35.5,24.2,-1,375,0.75,-1796,0,0,300,145,65,65,0,2,1
6,2,4,2,792,7.45162e+06,-11.3,-35.5,24.2,-1,375,0.75,-1796,0,0,300,145,65,65,0,2,1
6,2,4,2,816,7.45164e+06,-6.6,-35.5,28.9,-1,375,0.75,-1796,0,0,300,145,65,65,0,2,1
6,2,4,2,832,7.45165e+06,-6.6,-35.5,28.9,-1,375,0.75,-1796,0,0,300,145,65,65,0,2,1
6,2,4,2,848,7.45167e+06,-1.5,-35.5,34,-1,375,0.75,-1796,0,0,300,145,65,65,0,2,1
6,2,4,2,872,7.45169e+06,-1.5,-35.5,34,-1,375,0.75,-1796,0,0,300,145,65,65,0,2,1
6,2,4,2,888,7.4517e+06,3.7,-35.5,39.2,-1,375,0.75,-1796,0,0,300,145,65,65,0,2,1
6,2,4,2,912,7.45172e+06,3.7,-35.5,39.2,-1,375,0.75,-1796,0,0,300,145,65,65,0,2,1
6,2,4,2,928,7.45174e+06,9.3,-35.5,44.8,-1,375,0.75,-1796,0,0,300,145,65,65,0,2,1
6,2,4,2,944,7.45176e+06,9.3,-35.5,44.8,-1,375,0.75,-1796,0,0,300,145,65,65,0,2,1
6,2,4,2,968,7.45177e+06,18.5,-35.5,54,-1,375,0.75,-1796,0,0,300,145,65,65,0,2,1
6,2,4,2,992,7.45179e+06,18.5,-35.5,54,-1,375,0.75,-1796,0,0,300,145,65,65,0,2,1
6,2,4,2,1008,7.45181e+06,24.3,-35.5,59.8,-1,375,0.75,-1796,0,0,300,145,65,65,0,2,1
6,2,4,2,1032,7.45183e+06,24.3,-35.5,59.8,-1,375,0.75,-1796,0,0,300,145,65,65,0,2,1
6,2,4,2,1056,7.45185e+06,30.4,-35.5,65.9,-1,375,0.75,-1796,0,0,300,145,65,65,0,2,1
6,2,4,2,1072,7.45186e+06,30.4,-35.5,65.9,-1,375,0.75,-1796,0,0,300,145,65,65,0,2,1
6,2,4,2,1096,7.45188e+06,36.5,-35.5,72,-1,375,0.75,-1796,0,0,300,145,65,65,0,2,1
6,2,4,2,1112,7.4519e+06,36.5,-35.5,72,-1,375,0.75,-1796,0,0,300,145,65,65,0,2,1
6,2,4,2,1136,7.45192e+06,42.1,-35.5,77.6,-1,375,0.75,-1796,0,0,300,145,65,65,0,2,1
6,2,4,2,1152,7.45194e+06,42.1,-35.5,77.6,-1,375,0.75,-1796,0,0,300,145,65,65,0,2,1
6,3,4,3,1176,7.45196e+06,47.8,-35.5,83.3,-1,375,0.75,-1796,0,0,300,145,65,65,1,2,1
6,3,4,3,1200,7.45197e+06,53.4,-35.5,88.9,-1,375,0.75,-1796,0,0,300,145,65,65,1,2,1
6,3,4,3,1216,7.45199e+06,53.4,-35.5,88.9,-1,375,0.75,-1796,0,0,300,145,65,65,1,2,1
6,3,4,3,1240,7.45201e+06,59,-35.5,94.5,-1,375,0.75,-1796,0,0,300,145,65,65,1,2,1
6,3,4,3,1256,7.45203e+06,59,-35.5,94.5,-1,375,0.75,-1796,0,0,300,145,65,65,1,2,1
6,3,4,3,1280,7.45205e+06,64.2,-35.5,99.7,-1,375,0.75,-1796,0,0,300,145,65,65,1,2,1
6,3,4,3,1304,7.45206e+06,64.2,-35.5,99.7,-1,375,0.75,-1796,0,0,300,145,65,65,1,2,1
6,2,4,2,721,7.46012e+06,-26.3,-44.6,18.3,-1,375,0.75,-1796,0,0,300,145,68,68,0,2,1
6,2,4,2,745,7.46014e+06,-22.6,-44.6,22,-1,375,0.75,-1796,0,0,300,145,68,68,0,2,1
6,2,4,2,761,7.46015e+06,-22.6,-44.6,22,-1,375,0.75,-1796,0,0,300,145,68,68,0,2,1
6,2,4,2,785,7.46017e+06,-16,-44.6,28.6,-1,375,0.75,-1796,0,0,300,145,68,68,0,2,1
6,2,4,2,809,7.46019e+06,-16,-44.6,28.6,-1,375,0.75,-1796,0,0,300,145,68,68,0,2,1
6,2,4,2,833,7.46021e+06,-10.4,-44.6,34.2,-1,375,0.75,-1796,0,0,300,145,68,68,0,2,1
6,2,4,2,857,7.46023e+06,-10.4,-44.6,34.2,-1,375,0.75,-1796,0,0,300,145,68,68,0,2,1
6,2,4,2,873,7.46025e+06,-5.4,-44.6,39.2,-1,375,0.75,-1796,0,0,300,145,68,68,0,2,1
6,2,4,2,897,7.46027e+06,-5.4,-44.6,39.2,-1,375,0.75,-1796,0,0,300,145,68,68,0,2,1
6,2,4,2,913,7.46029e+06,0.4,-44.6,45,-1,375,0.75,-1796,0,0,300,145,68,68,0,2,1
6,2,4,2,929,7.4603e+06,0.4,-44.6,45,-1,375,0.75,-1796,0,0,300,145,68,68,0,2,1
6,2,4,2,953,7.46032e+06,9.3,-44.6,53.9,-1,375,0.75,-1796,0,0,300,145,68,68,0,2,1
6,2,4,2,977,7.46034e+06,9.3,-44.6,53.9,-1,375,0.75,-1796,0,0,300,145,68,68,0,2,1
6,2,4,2,993,7.46036e+06,15.4,-44.6,60,-1,375,0.75,-1796,0,0,300,145,68,68,0,2,1
6,2,4,2,1017,7.46038e+06,15.4,-44.6,60,-1,375,0.75,-1796,0,0,300,145,68,68,0,2,1
6,2,4,2,1041,7.46039e+06,21.3,-44.6,65.9,-1,375,0.75,-1796,0,0,300,145,68,68,0,2,1
6,2,4,2,1057,7.46041e+06,21.3,-44.6,65.9,-1,375,0.75,-1796,0,0,300,145,68,68,0,2,1
6,2,4,2,1081,7.46043e+06,27.4,-44.6,72,-1,375,0.75,-1796,0,0,300,145,68,68,0,2,1
6,2,4,2,1097,7.46045e+06,27.4,-44.6,72,-1,375,0.75,-1796,0,0,300,145,68,68,0,2,1
6,2,4,2,1121,7.46047e+06,33,-44.6,77.6,-1,375,0.75,-1796,0,0,300,145,68,68,0,2,1
6,2,4,2,1137,7.46049e+06,33,-44.6,77.6,-1,375,0.75,-1796,0,0,300,145,68,68,0,2,1
6,3,4,3,1161,7.4605e+06,41.9,-44.6,86.5,-1,375,0.75,-1796,0,0,300,145,68,68,1,2,1
6,3,4,3,1185,7.46052e+06,41.9,-44.6,86.5,-1,375,0.75,-1796,0,0,300,145,68,68,1,2,1
6,3,4,3,1209,7.46054e+06,47.3,-44.6,91.9,-1,375,0.75,-1796,0,0,300,145,68,68,1,2,1
6,3,4,3,1233,7.46056e+06,47.3,-44.6,91.9,-1,375,0.75,-1796,0,0,300,145,68,68,1,2,1
6,3,4,3,1249,7.46058e+06,52.9,-44.6,97.5,-1,375,0.75,-1796,0,0,300,145,68,68,1,2,1
6,3,4,3,1273,7.4606e+06,52.9,-44.6,97.5,-1,375,0.75,-1796,0,0,300,145,68,68,1,2,1
6,3,4,3,1289,7.46062e+06,58.1,-44.6,102.7,-1,375,0.75,-1796,0,0,300,145,68,68,1,2,1
6,3,4,3,1313,7.46064e+06,63.7,-44.6,108.3,-1,375,0.75,-1796,0,0,300,145,68,68,1,2,1
6,3,4,3,1337,7.46066e+06,63.7,-44.6,108.3,-1,375,0.75,-1796,0,0,300,145,68,68,1,2,1
6,2,4,2,785,7.47928e+06,-21.6,-48.3,26.7,-1,375,0.75,-1796,0,0,300,145,71,71,0,2,1
6,2,4,2,809,7.4793e+06,-21.6,-48.3,26.7,-1,375,0.75,-1796,0,0,300,145,71,71,0,2,1
6,2,4,2,825,7.47932e+06,-16.9,-48.3,31.4,-1,375,0.75,-1796,0,0,300,145,71,71,0,2,1
6,2,4,2,849,7.47933e+06,-16.9,-48.3,31.4,-1,375,0.75,-1796,0,0,300,145,71,71,0,2,1
6,2,4,2,865,7.47935e+06,-12.2,-48.3,36.1,-1,375,0.75,-1796,0,0,300,145,71,71,0,2,1
6,2,4,2,889,7.47936e+06,-12.2,-48.3,36.1,-1,375,0.75,-1796,0,0,300,145,71,71,0,2,1
6,2,4,2,905,7.47938e+06,-6.6,-48.3,41.7,-1,375,0.75,-1796,0,0,300,145,71,71,0,2,1
6,2,4,2,921,7.4794e+06,-6.6,-48.3,41.7,-1,375,0.75,-1796,0,0,300,145,71,71,0,2,1
6,2,4,2,953,7.47942e+06,1.8,-48.3,50.1,-1,375,0.75,-1796,0,0,300,145,71,71,0,2,1
6,2,4,2,977,7.47944e+06,1.8,-48.3,50.1,-1,375,0.75,-1796,0,0,300,145,71,71,0,2,1
6,2,4,2,993,7.47946e+06,7.4,-48.3,55.7,-1,375,0.75,-1796,0,0,300,145,71,71,0,2,1
6,2,4,2,1017,7.47948e+06,7.5,-48.3,55.8,-1,375,0.75,-1796,0,0,300,145,71,71,0,2,1
6,2,4,2,1033,7.4795e+06,13.1,-48.3,61.4,-1,375,0.75,-1796,0,0,300,145,71,71,0,2,1
6,2,4,2,1057,7.47952e+06,13.1,-48.3,61.4,-1,375,0.75,-1796,0,0,300,145,71,71,0,2,1
6,2,4,2,1073,7.47953e+06,18.9,-48.3,67.2,-1,375,0.75,-1796,0,0,300,145,71,71,0,2,1
6,2,4,2,1097,7.47955e+06,18.9,-48.3,67.2,-1,375,0.75,-1796,0,0,300,145,71,71,0,2,1
6,2,4,2,1113,7.47957e+06,24.3,-48.3,72.6,-1,375,0.75,-1796,0,0,300,145,71,71,0,2,1
6,3,4,3,1137,7.47958e+06,29.5,-48.3,77.8,-1,375,0.75,-1796,0,0,300,145,71,71,1,2,1
6,3,4,3,1153,7.4796e+06,29.5,-48.3,77.8,-1,375,0.75,-1796,0,0,300,145,71,71,1,2,1
6,3,4,3,1177,7.47962e+06,35.1,-48.3,83.4,-1,375,0.75,-1796,0,0,300,145,71,71,1,2,1
6,3,4,3,1193,7.47964e+06,35.1,-48.3,83.4,-1,375,0.75,-1796,0,0,300,145,71,71,1,2,1
6,3,4,3,1217,7.47966e+06,40.3,-48.3,88.6,-1,375,0.75,-1796,0,0,300,145,71,71,1,2,1
6,3,4,3,1241,7.47967e+06,40.3,-48.3,88.6,-1,375,0.75,-1796,0,0,300,145,71,71,1,2,1
6,3,4,3,1257,7.47969e+06,45.4,-48.3,93.7,-1,375,0.75,-1796,0,0,300,145,71,71,1,2,1
6,3,4,3,1281,7.47971e+06,45.4,-48.3,93.7,-1,375,0.75,-1796,0,0,300,145,71,71,1,2,1
6,3,4,3,1297,7.47973e+06,50.6,-48.3,98.9,-1,375,0.75,-1796,0,0,300,145,71,71,1,2,1
6,3,4,3,1321,7.47975e+06,50.6,-48.3,98.9,-1,375,0.75,-1796,0,0,300,145,71,71,1,2,1
6,3,4,3,1337,7.47977e+06,55.3,-48.3,103.6,-1,375,0.75,-1796,0,0,300,145,71,71,1,2,1
6,3,4,3,1361,7.47978e+06,60.4,-48.3,108.7,-1,375,0.75,-1796,0,0,300,145,71,71,1,2,1
6,3,4,3,1385,7.47981e+06,60.4,-48.3,108.7,-1,375,0.75,-1796,0,0,300,145,71,71,1,2,1
6,2,4,2,905,7.49227e+06,-10.4,-54.9,44.5,-1,375,0.75,-1796,0,0,300,145,74,74,0,2,1
6,2,4,2,929,7.49228e+06,-10.4,-54.9,44.5,-1,375,0.75,-1796,0,0,300,145,74,74,0,2,1
6,2,4,2,945,7.4923e+06,-4.8,-54.9,50.1,-1,375,0.75,-1796,0,0,300,145,74,74,0,2,1
6,2,4,2,969,7.49232e+06,-4.7,-54.9,50.2,-1,375,0.75,-1796,0,0,300,145,74,74,0,2,1
6,2,4,2,993,7.49234e+06,0.4,-54.9,55.3,-1,375,0.75,-1796,0,0,300,145,74,74,0,2,1
6,2,4,2,1009,7.49236e+06,0.4,-54.9,55.3,-1,375,0.75,-1796,0,0,300,145,74,74,0,2,1
6,2,4,2,1033,7.49238e+06,5.8,-54.9,60.7,-1,375,0.75,-1796,0,0,300,145,74,74,0,2,1
6,2,4,2,1049,7.4924e+06,5.8,-54.9,60.7,-1,375,0.75,-1796,0,0,300,145,74,74,0,2,1
6,2,4,2,1073,7.49241e+06,11.4,-54.9,66.3,-1,375,0.75,-1796,0,0,300,145,74,74,0,2,1
6,2,4,2,1089,7.49243e+06,11.4,-54.9,66.3,-1,375,0.75,-1796,0,0,300,145,74,74,0,2,1
6,2,4,2,1113,7.49245e+06,16.8,-54.9,71.7,-1,375,0.75,-1796,0,0,300,145,74,74,0,2,1
6,2,4,2,1129,7.49247e+06,22,-54.9,76.9,-1,375,0.75,-1796,0,0,300,145,74,74,0,2,1
6,3,4,3,1153,7.49248e+06,22,-54.9,76.9,-1,375,0.75,-1796,0,0,300,145,74,74,1,2,1
6,3,4,3,1177,7.4925e+06,27.1,-54.9,82,-1,375,0.75,-1796,0,0,300,145,74,74,1,2,1
6,3,4,3,1193,7.49252e+06,27.1,-54.9,82,-1,375,0.75,-1796,0,0,300,145,74,74,1,2,1
6,3,4,3,1217,7.49254e+06,32.3,-54.9,87.2,-1,375,0.75,-1796,0,0,300,145,74,74,1,2,1
6,3,4,3,1233,7.49256e+06,32.3,-54.9,87.2,-1,375,0.75,-1796,0,0,300,145,74,74,1,2,1
6,3,4,3,1257,7.49257e+06,37,-54.9,91.9,-1,375,0.75,-1796,0,0,300,145,74,74,1,2,1
6,3,4,3,1273,7.49259e+06,37,-54.9,91.9,-1,375,0.75,-1796,0,0,300,145,74,74,1,2,1
6,3,4,3,1297,7.49261e+06,42.1,-54.9,97,-1,375,0.75,-1796,0,0,300,145,74,74,1,2,1
6,3,4,3,1321,7.49263e+06,42.1,-54.9,97,-1,375,0.75,-1796,0,0,300,145,74,74,1,2,1
6,3,4,3,1337,7.49265e+06,46.8,-54.9,101.7,-1,375,0.75,-1796,0,0,300,145,74,74,1,2,1
6,3,4,3,1353,7.49266e+06,46.8,-54.9,101.7,-1,375,0.75,-1796,0,0,300,145,74,74,1,2,1
6,3,4,3,1377,7.49268e+06,51.3,-54.9,106.2,-1,375,0.75,-1796,0,0,300,145,74,74,1,2,1
6,3,4,3,1401,7.4927e+06,56,-54.9,110.9,-1,375,0.75,-1796,0,0,300,145,74,74,1,2,1
6,3,4,3,1417,7.49272e+06,56,-54.9,110.9,-1,375,0.75,-1796,0,0,300,145,74,74,1,2,1
6,3,4,3,1441,7.49274e+06,60.4,-54.9,115.3,-1,375,0.75,-1796,0,0,300,145,74,74,1,2,1
6,3,4,3,1457,7.49275e+06,60.4,-54.9,115.3,-1,375,0.75,-1796,0,0,300,145,74,74,1,2,1
6,3,4,3,1481,7.49277e+06,64.9,-54.9,119.8,-1,375,0.75,-1796,0,0,300,145,74,74,1,2,1
6,3,4,3,1497,7.49279e+06,64.9,-54.9,119.8,-1,375,0.75,-1796,0,0,300,145,74,74,1,2,1
6,2,4,2,793,7.50318e+06,-28.6,-56.8,28.2,-1,375,0.75,-1796,0,0,300,145,77,77,0,2,1
6,2,4,2,817,7.5032e+06,-28.6,-56.8,28.2,-1,375,0.75,-1796,0,0,300,145,77,77,0,2,1
6,2,4,2,841,7.50322e+06,-23.7,-56.8,33.1,-1,375,0.75,-1796,0,0,300,145,77,77,0,2,1
6,2,4,2,857,7.50324e+06,-23.7,-56.8,33.1,-1,375,0.75,-1796,0,0,300,145,77,77,0,2,1
6,2,4,2,881,7.50326e+06,-18.6,-56.8,38.2,-1,375,0.75,-1796,0,0,300,145,77,77,0,2,1
6,2,4,2,897,7.50328e+06,-18.6,-56.8,38.2,-1,375,0.75,-1796,0,0,300,145,77,77,0,2,1
6,2,4,2,921,7.5033e+06,-12.7,-56.8,44.1,-1,375,0.75,-1796,0,0,300,145,77,77,0,2,1
6,2,4,2,945,7.50332e+06,-7.1,-56.8,49.7,-1,375,0.75,-1796,0,0,300,145,77,77,0,2,1
6,2,4,2,961,7.50333e+06,-7.1,-56.8,49.7,-1,375,0.75,-1796,0,0,300,145,77,77,0,2,1
6,2,4,2,985,7.50335e+06,-0.8,-56.8,56,-1,375,0.75,-1796,0,0,300,145,77,77,0,2,1
6,2,4,2,1009,7.50337e+06,-0.8,-56.8,56,-1,375,0.75,-1796,0,0,300,145,77,77,0,2,1
6,2,4,2,1025,7.50339e+06,5.1,-56.8,61.9,-1,375,0.75,-1796,0,0,300,145,77,77,0,2,1
6,2,4,2,1049,7.50341e+06,5.1,-56.8,61.9,-1,375,0.75,-1796,0,0,300,145,77,77,0,2,1
6,2,4,2,1073,7.50343e+06,11.2,-56.8,68,-1,375,0.75,-1796,0,0,300,145,77,77,0,2,1
6,2,4,2,1089,7.50345e+06,11.2,-56.8,68,-1,375,0.75,-1796,0,0,300,145,77,77,0,2,1
6,2,4,2,1113,7.50346e+06,20.6,-56.8,77.4,-1,375,0.75,-1796,0,0,300,145,77,77,0,2,1
6,2,4,2,1137,7.50349e+06,20.6,-56.8,77.4,-1,375,0.75,-1796,0,0,300,145,77,77,0,2,1
6,2,4,2,1161,7.5035e+06,26.2,-56.8,83,-1,375,0.75,-1796,0,0,300,145,77,77,0,2,1
6,3,4,3,1177,7.50352e+06,26.2,-56.8,83,-1,375,0.75,-1796,0,0,300,145,77,77,1,2,1
6,3,4,3,1201,7.50354e+06,31.8,-56.8,88.6,-1,375,0.75,-1796,0,0,300,145,77,77,1,2,1
6,3,4,3,1225,7.50356e+06,31.8,-56.8,88.6,-1,375,0.75,-1796,0,0,300,145,77,77,1,2,1
6,3,4,3,1241,7.50358e+06,37.5,-56.8,94.3,-1,375,0.75,-1796,0,0,300,145,77,77,1,2,1
6,3,4,3,1265,7.5036e+06,43.1,-56.8,99.9,-1,375,0.75,-1796,0,0,300,145,77,77,1,2,1
6,3,4,3,1281,7.50362e+06,43.1,-56.8,99.9,-1,375,0.75,-1796,0,0,300,145,77,77,1,2,1
6,3,4,3,1305,7.50364e+06,48.7,-56.8,105.5,-1,375,0.75,-1796,0,0,300,145,77,77,1,2,1
6,3,4,3,1329,7.50366e+06,48.7,-56.8,105.5,-1,375,0.75,-1796,0,0,300,145,77,77,1,2,1
6,3,4,3,1353,7.50368e+06,53.9,-56.8,110.7,-1,375,0.75,-1796,0,0,300,145,77,77,1,2,1
6,3,4,3,1369,7.50369e+06,53.9,-56.8,110.7,-1,375,0.75,-1796,0,0,300,145,77,77,1,2,1
6,3,4,3,1393,7.50371e+06,59.2,-56.8,116,-1,375,0.75,-1796,0,0,300,145,77,77,1,2,1
6,3,4,3,1409,7.50373e+06,59.2,-56.8,116,-1,375,0.75,-1796,0,0,300,145,77,77,1,2,1
